,16242ba1-42fd-4fae-bd2e-433b97fc95c6_11,1d26c6ae-f2fc-49e4-83a4-b79398c3d8f8_11,25fb2523-3f46-45c4-b54d-16aafdeb4904_11,680b2e96-f00b-4012-8728-b0ec20c50ce0_11,a2b0094b-8a0c-4505-a1fa-7e1e47d0374d_11
MIMAT0000062,29602.588681,48199.60357,49702.281237,41705.061803,56853.274292
MIMAT0000063,10796.430369,30123.335119,11353.790047,11421.010847,14179.566564
MIMAT0000064,11772.286602,7453.617068,13704.6624,9238.422864,12124.270096
MIMAT0000065,345.020304,523.511672,352.758596,411.295504,363.091275
MIMAT0000066,3955.484217,2737.729219,7593.890723,4839.677918,6398.283498
MIMAT0000067,8345.050929,9442.860644,20348.860552,17050.920497,22140.14187
MIMAT0000068,114.836638,225.981698,174.828111,243.450647,194.968062
MIMAT0000069,285.050058,466.07151,344.546422,919.971268,508.288594
MIMAT0000070,123.513185,363.283845,180.850373,322.08067,221.225066
MIMAT0000071,106.925671,291.23171,153.476452,200.808981,214.56284
MIMAT0000072,2.041541,10.581082,5.657278,13.911465,6.074382
MIMAT0000073,10.718086,32.499041,16.606846,26.008392,26.257006
MIMAT0000074,48.741775,137.050217,62.777526,123.691074,91.89952
MIMAT0000075,89.062194,209.606213,150.556567,238.611878,223.576439
MIMAT0000076,10082.912057,10984.675571,7185.471822,12980.909536,9147.431126
MIMAT0000077,80233.297012,76493.671002,93469.348874,80606.660869,89433.318964
MIMAT0000078,463.174444,451.963398,592.371654,495.369142,442.842029
MIMAT0000079,15.566748,70.540553,12.956989,19.35508,18.810989
MIMAT0000080,1650.330097,2036.858452,1700.832972,2409.102932,2176.392212
MIMAT0000081,1820.54351,5198.586772,2140.093159,6524.477374,3127.718776
MIMAT0000082,2579.230906,3080.102831,2382.078624,3899.141872,3345.416785
MIMAT0000083,415.453439,1100.684546,389.987131,1030.355725,588.627191
MIMAT0000084,162.812836,114.628398,208.224296,228.631912,199.47486
MIMAT0000085,42.106769,48.874526,47.083144,51.109514,50.358585
MIMAT0000086,18324.09962,12681.931646,18437.97836,18173.212865,21560.528276
MIMAT0000087,21472.409862,17485.491323,23722.422598,21003.591273,19796.998079
MIMAT0000088,5075.779424,5751.070455,4513.229634,4754.092161,3373.829215
MIMAT0000089,2.807118,2.015445,3.649856,2.721809,4.898695
MIMAT0000090,9.186932,26.200779,15.329396,35.685932,31.351649
MIMAT0000091,45.679463,141.333036,61.865061,56.553132,63.487088
MIMAT0000092,2734.643155,12320.915175,3489.444982,6536.271876,4905.749111
MIMAT0000093,1750.365564,3646.694622,2143.560522,3251.653875,2432.88788
MIMAT0000094,42.617153,20.154444,45.075725,38.710165,36.250344
MIMAT0000095,0.765578,0.0,0.912464,10.282387,1.567582
MIMAT0000096,181.952276,170.80891,254.577467,198.994442,257.083513
MIMAT0000097,2134.685515,2008.894159,2914.045158,1643.065057,2478.347769
MIMAT0000098,7983.187919,37968.704182,11613.477312,9439.231843,15266.489006
MIMAT0000099,16000.316444,15830.811513,21606.236001,17262.011864,23061.684367
MIMAT0000100,2330.67338,1827.504169,2365.836764,2377.953349,2946.858958
MIMAT0000101,67984.821154,45697.933268,69796.016841,69066.192868,73034.251678
MIMAT0000102,305.975846,117.651566,220.998791,215.325291,190.461262
MIMAT0000103,27.05041,22.169889,27.008937,41.431973,31.155701
MIMAT0000104,213.340955,118.659288,299.653192,249.49911,313.320533
MIMAT0000222,388.40303,587.250099,361.700747,469.663174,364.658857
MIMAT0000226,0.0,0.0,0.547479,0.0,0.0
MIMAT0000227,1591.891003,1278.295578,1095.504326,1678.750991,1331.857195
MIMAT0000231,33.685416,19.146723,37.958504,27.520508,35.074657
MIMAT0000232,77.068146,33.758698,85.954114,66.835517,58.588392
MIMAT0000242,6575.801117,1879.905719,5087.169517,3260.121722,4384.723914
MIMAT0000243,1620.982952,847.998211,1852.302001,1708.388462,1563.075597
MIMAT0000244,1226.710495,926.096681,1262.12026,1227.233206,1230.552181
MIMAT0000245,7420.233198,2659.882682,7982.235419,6806.033341,7141.709452
MIMAT0000250,4548.551656,1437.515683,4066.48724,2970.400331,3581.337933
MIMAT0000252,55.376782,11.840738,81.939271,70.767018,137.94725
MIMAT0000253,135.252042,76.083024,89.968955,122.48138,86.412981
MIMAT0000254,115.602218,83.389012,133.402244,300.608625,74.656113
MIMAT0000255,95.442007,79.358122,124.825081,133.066191,116.001099
MIMAT0000256,4756.023186,24852.948152,6548.936908,7547.272519,11015.793395
MIMAT0000257,912.568492,7859.225244,1359.388928,1579.556191,2325.900381
MIMAT0000258,256.468495,85.404456,339.80161,252.825767,290.786534
MIMAT0000259,501.708514,273.344641,1031.449351,3973.537972,944.272448
MIMAT0000261,144.694165,51.897692,224.101169,792.651116,178.11655
MIMAT0000262,24.498484,4.534751,23.724066,36.895625,15.08798
MIMAT0000263,5.103851,1.511584,5.657277,6.653309,5.878434
MIMAT0000264,804.622049,329.021292,977.066495,710.392015,480.659954
MIMAT0000265,146.480512,194.490379,215.341514,193.85325,162.04883
MIMAT0000266,0.765578,0.503861,1.27745,1.512115,1.763531
MIMAT0000267,140.611084,385.453733,107.123279,128.529843,116.392993
MIMAT0000268,10.207702,20.658305,0.364986,8.165425,9.601443
MIMAT0000269,50.528121,22.169889,58.762685,43.246511,68.973625
MIMAT0000270,649.720185,2762.418413,825.962449,910.898573,1209.585768
MIMAT0000271,0.0,0.0,0.364986,0.302423,0.195948
MIMAT0000272,0.765578,4.030889,2.737393,3.024232,3.331113
MIMAT0000273,0.765578,1.259653,1.459943,1.814539,2.743269
MIMAT0000274,13.525204,63.234567,20.07421,41.12955,52.905906
MIMAT0000275,976.877007,225.477837,800.595949,868.55933,1079.672377
MIMAT0000276,100.035474,2178.191482,161.688628,419.763353,536.505077
MIMAT0000278,412.646323,168.289605,469.918981,512.607265,493.788456
MIMAT0000279,120.450877,36.781862,93.801305,90.424525,102.872595
MIMAT0000280,194.45671,145.615856,156.943815,475.409215,262.961948
MIMAT0000281,0.510385,0.0,0.364986,0.604846,0.587844
MIMAT0000318,1.02077,10.581084,3.83235,4.536347,5.29059
MIMAT0000414,944.977941,1170.721239,1354.279128,1344.270969,1582.278483
MIMAT0000415,304.699882,404.852384,328.669547,393.754961,367.402126
MIMAT0000416,26.284831,8.061777,49.090565,42.339243,37.034135
MIMAT0000417,58.43909,98.252912,78.654399,216.837409,96.014422
MIMAT0000418,1182.306991,2657.363379,1207.189927,1278.040297,1580.123056
MIMAT0000419,1475.52321,3994.358774,1705.577784,2234.604769,2527.922562
MIMAT0000420,417.239788,258.9846,395.279423,539.522927,415.01744
MIMAT0000421,0.0,0.755792,0.364986,0.604846,0.195948
MIMAT0000422,1870.050864,413.921886,1686.41604,1578.64892,1466.669281
MIMAT0000423,4586.830534,5292.304937,5115.820884,3946.62231,4912.999179
MIMAT0000424,10919.688367,3777.698508,16373.619714,11134.011262,16539.953759
MIMAT0000425,73.750641,38.041511,88.509013,68.347636,70.933104
MIMAT0000426,1954.519588,917.02718,2291.01471,1656.976523,2927.460125
MIMAT0000427,32.664646,8.31371,33.578677,43.548933,27.628642
MIMAT0000428,26.029639,9.573361,23.541573,24.798699,25.865111
MIMAT0000429,876.841533,178.870688,957.722253,795.070501,1058.901908
MIMAT0000430,315.162778,110.597511,293.63093,292.443199,356.820944
MIMAT0000431,78.088915,96.489397,78.654401,86.190602,88.764354
MIMAT0000432,1.531156,2.015445,2.737392,2.721808,2.351374
MIMAT0000433,8.421355,5.038612,10.219597,31.75443,11.952816
MIMAT0000434,198.029403,185.672811,201.107074,634.4838,195.164009
MIMAT0000435,25717.282409,13356.853572,30870.848382,37293.312663,24822.471293
MIMAT0000436,8.931739,1.511584,22.629109,87.400294,27.236745
MIMAT0000437,545.346438,410.898717,583.247016,765.433031,522.592782
MIMAT0000438,108.201633,196.505825,125.190066,101.614183,115.021359
MIMAT0000439,195.987865,30.987457,133.767229,179.034512,143.825686
MIMAT0000440,774.254138,638.643929,537.806306,735.190715,528.86311
MIMAT0000441,455734.048559,255125.526916,381279.668773,378915.056884,337772.269475
MIMAT0000442,996.01645,551.727897,1209.379839,1118.058439,1236.23467
MIMAT0000443,1440.561834,1481.603529,1551.736349,1056.061694,1461.966533
MIMAT0000444,150.053208,69.53283,196.544754,159.67943,170.670535
MIMAT0000445,2651.960773,1330.949062,2196.300945,2472.6118,2074.499353
MIMAT0000446,5844.674519,2801.719579,6909.725192,5635.050842,6643.610146
MIMAT0000447,2104.82799,921.561932,1670.356671,1832.079535,1706.705333
MIMAT0000448,284.794864,133.775122,293.813421,237.402183,266.097115
MIMAT0000449,15.05636,10.077224,23.724067,21.169621,15.871773
MIMAT0000450,671.411547,344.389053,617.738156,1156.768607,561.782342
MIMAT0000451,147.756476,103.039594,115.882934,127.924998,140.690522
MIMAT0000452,43.38273,18.39093,37.776012,43.851359,41.540933
MIMAT0000453,34.450993,11.336876,61.500076,27.218083,58.000549
MIMAT0000454,38.789267,70.288622,46.535666,49.597399,46.24368
MIMAT0000455,167.151108,311.638083,289.2511,342.0406,281.968884
MIMAT0000456,244.729638,344.389053,266.4395,312.403128,270.603911
MIMAT0000457,0.765579,0.251931,0.912464,0.604846,0.195948
MIMAT0000458,17.097899,20.406374,21.169167,28.125355,28.804327
MIMAT0000459,1.020771,1.259653,0.912465,3.024231,1.959478
MIMAT0000460,125.044341,170.556979,176.835531,204.135637,205.941137
MIMAT0000461,35.726955,15.367764,49.455552,50.202245,43.892308
MIMAT0000462,0.765578,2.519305,1.824928,0.604846,1.76353
MIMAT0000510,431.785764,1567.763778,429.405578,698.899934,377.787358
MIMAT0000617,14.290782,15.115833,19.526731,16.633274,13.912294
MIMAT0000646,25.26406,20.910235,25.731487,32.056856,25.277267
MIMAT0000680,126.830687,209.354283,171.908226,317.544323,241.603639
MIMAT0000681,4713.150839,2935.998559,4611.958244,4582.618228,5538.660501
MIMAT0000682,1.275963,5.794403,2.554899,2.419385,2.547321
MIMAT0000683,1.020771,0.0,0.729972,0.302423,0.391896
MIMAT0000684,0.0,0.0,0.182493,0.0,0.0
MIMAT0000685,1.020771,2.771236,0.182493,0.907269,0.783792
MIMAT0000686,1.531155,34.514485,2.372407,6.048463,7.054121
MIMAT0000687,8.676547,1.007723,8.942148,6.955732,10.77713
MIMAT0000688,14.545976,25.948847,14.964409,19.959928,17.047459
MIMAT0000689,46456.268933,67605.309489,39635.247979,39542.736173,33090.880589
MIMAT0000690,2.041541,10.077222,1.824928,4.536347,3.723008
MIMAT0000691,9.186932,12.092667,11.497047,15.726004,14.696085
MIMAT0000692,7274.773457,8592.846989,6642.190732,7604.4305,6378.296821
MIMAT0000693,6501.795282,7730.488738,4623.820276,6064.794162,4401.967316
MIMAT0000703,653.292878,640.407444,645.659556,520.167844,700.905279
MIMAT0000705,9.697317,20.910237,7.664698,4.83877,10.385233
MIMAT0000707,62.777362,31.239389,50.550508,85.585755,66.818201
MIMAT0000710,80.130456,77.594608,64.784947,68.650059,94.054944
MIMAT0000715,0.765579,0.0,1.094957,0.302423,0.195948
MIMAT0000716,0.0,0.0,0.182493,0.0,0.0
MIMAT0000718,0.0,0.0,0.182493,0.0,0.0
MIMAT0000720,17.863478,9.0695,16.971831,23.89143,19.398833
MIMAT0000721,73.495449,37.033792,94.166291,88.609986,93.271154
MIMAT0000722,196.243059,101.27608,214.246558,148.18735,184.778776
MIMAT0000724,1.020771,0.0,0.0,0.302423,0.195948
MIMAT0000726,0.510385,0.0,0.0,0.0,0.0
MIMAT0000727,25.774445,39.301164,35.76859,43.246512,44.48015
MIMAT0000728,131.679348,164.762576,97.268667,131.251654,75.831798
MIMAT0000729,4.338274,1.511585,6.204756,10.584809,9.797392
MIMAT0000730,7.145392,5.038611,9.307133,10.887233,12.148765
MIMAT0000731,38.023689,14.863902,32.118735,38.105319,36.838188
MIMAT0000732,378.960909,215.400615,489.993188,481.155256,494.572247
MIMAT0000733,14924.935119,4108.483308,12839.281505,10459.002757,12287.494614
MIMAT0000734,47.210618,14.108111,66.24489,48.690129,81.514285
MIMAT0000735,11.99405,4.030889,13.686961,10.282387,12.932555
MIMAT0000736,366.966859,139.569521,433.055434,386.799228,409.72685
MIMAT0000737,185.269779,90.443067,215.524007,179.034512,224.36023
MIMAT0000738,272.800815,113.368746,301.660615,298.491664,295.68523
MIMAT0000750,46.445042,88.175692,45.258217,44.153781,40.561196
MIMAT0000751,73.750645,222.958533,77.924429,94.960874,105.811812
MIMAT0000752,925.583307,486.22595,602.226266,620.572334,490.653289
MIMAT0000753,320.777012,245.128422,316.260037,309.378896,329.780148
MIMAT0000754,59.204669,28.720084,46.353174,64.113709,54.473489
MIMAT0000755,396.314002,172.320493,364.073154,381.658034,362.111533
MIMAT0000756,23.988099,12.596527,18.979252,32.359278,24.493474
MIMAT0000757,1716.935342,7136.940379,2193.016072,2781.990697,3263.510604
MIMAT0000758,1.020771,0.251931,1.094956,2.116962,1.959478
MIMAT0000759,129.127421,277.375528,150.556567,180.54663,192.616687
MIMAT0000760,69.922754,50.134179,56.390277,55.948285,47.811262
MIMAT0000761,46.955426,40.308887,46.353173,52.924054,44.676097
MIMAT0000762,70.688331,55.67665,81.391793,50.807093,58.980289
MIMAT0000763,8749.531083,98878.95947,13309.56547,21473.859297,32963.514523
MIMAT0000764,11.483664,40.056957,11.497048,31.452009,12.736607
MIMAT0000765,44.148308,14.108112,48.908073,49.294975,50.946428
MIMAT0000770,1.531155,0.251931,4.014843,4.536348,1.567582
MIMAT0000772,12.759627,20.406374,8.394669,13.004196,8.817651
MIMAT0000773,22.201751,47.362943,23.176587,27.520508,24.885371
MIMAT0001080,0.510386,0.251931,3.284871,9.072694,4.114904
MIMAT0001340,77.068143,109.84172,86.866578,73.186404,84.453503
MIMAT0001341,34.195799,22.421818,21.716645,35.988357,20.770466
MIMAT0001343,20.415404,11.588806,13.139482,19.657505,13.128505
MIMAT0001412,0.255193,0.503861,0.547479,0.0,0.391896
MIMAT0001413,86.510267,52.149624,75.552023,89.819679,53.493749
MIMAT0001532,1.531156,0.251931,2.919886,1.209692,3.723009
MIMAT0001536,0.255193,1.511584,1.094957,0.302423,1.567582
MIMAT0001541,0.0,0.0,0.729971,0.604846,0.195948
MIMAT0001545,4.848658,3.527028,2.737393,8.165424,2.547322
MIMAT0001618,5.614237,1.511585,2.372407,1.814539,4.310853
MIMAT0001620,1.786348,9.069501,0.912464,1.814539,2.939217
MIMAT0001621,26.284832,11.588805,28.65137,25.705969,31.155701
MIMAT0001625,0.510385,1.259653,2.737393,3.326654,2.939218
MIMAT0001627,237.839437,191.719144,229.393461,122.481383,221.616961
MIMAT0001629,84.213537,38.293443,89.238984,92.541486,116.588942
MIMAT0001630,0.0,0.503861,0.182493,0.907269,0.195948
MIMAT0001631,585.92205,250.922822,1659.042119,8101.009333,3939.72646
MIMAT0001635,9.697318,3.023167,6.387249,9.677541,7.641966
MIMAT0001636,0.765579,0.0,0.0,0.302423,0.0
MIMAT0001638,167.151109,66.257734,126.650009,153.026122,108.555081
MIMAT0001639,108.456827,54.66893,127.927456,88.307562,130.305287
MIMAT0002170,0.255193,0.0,0.364986,0.302423,0.0
MIMAT0002171,597.916098,206.079186,785.814031,561.902241,772.426226
MIMAT0002172,3.317503,2.015445,3.284871,6.350886,4.702747
MIMAT0002173,0.510385,0.251931,0.364986,1.209692,0.783792
MIMAT0002174,92.890082,154.181495,74.639559,116.735341,87.196771
MIMAT0002175,13.270012,3.275098,24.089052,18.447812,24.689424
MIMAT0002176,359.311085,145.615857,377.030142,325.709747,484.187015
MIMAT0002177,225.845391,122.690175,667.193707,2172.608021,1007.563587
MIMAT0002178,11.994049,7.557917,14.781917,9.979964,19.59478
MIMAT0002804,31.388683,12.848459,40.695896,22.98416,38.993611
MIMAT0002805,0.0,0.503861,0.0,0.0,0.391896
MIMAT0002806,91.103735,29.727806,119.715284,77.722753,86.60893
MIMAT0002807,51.548892,13.604252,36.681057,58.670093,58.196498
MIMAT0002808,2.041542,1.259653,0.912464,1.512115,0.97974
MIMAT0002809,730.871408,294.758737,740.190831,656.560691,669.357685
MIMAT0002810,0.255193,0.0,0.0,0.0,0.391896
MIMAT0002813,3.317503,0.251931,3.28487,2.721808,3.723008
MIMAT0002814,214.616919,122.186315,220.633803,206.252597,238.860368
MIMAT0002815,2.041541,0.503861,2.372407,1.209693,2.155426
MIMAT0002816,10.97328,2.267375,8.029684,8.770271,8.033859
MIMAT0002817,359.566275,77.846539,274.469184,357.464181,375.631934
MIMAT0002818,42.361961,16.627417,58.580192,38.407741,51.926168
MIMAT0002819,36.492533,134.27898,39.60094,46.270744,63.095193
MIMAT0002820,15.566745,9.825292,18.79676,13.911466,18.615042
MIMAT0002821,96.207585,51.141902,141.066941,73.791251,116.001098
MIMAT0002822,0.0,0.251931,0.0,0.0,0.195948
MIMAT0002823,0.255193,0.0,0.0,0.302423,0.0
MIMAT0002824,0.0,0.0,0.0,0.0,0.195948
MIMAT0002826,0.0,0.0,0.182493,0.302423,0.0
MIMAT0002828,0.0,0.0,0.0,0.0,0.195948
MIMAT0002830,0.0,0.0,0.0,0.302423,0.195948
MIMAT0002832,0.0,0.503861,0.0,0.0,0.0
MIMAT0002834,0.0,0.0,0.182493,0.604846,0.587843
MIMAT0002835,0.255193,0.503861,0.547479,1.209692,0.587843
MIMAT0002838,0.510385,0.0,0.182493,0.0,0.195948
MIMAT0002841,0.0,0.0,0.0,0.0,0.195948
MIMAT0002844,0.0,0.0,0.547478,0.604846,0.391896
MIMAT0002847,0.0,0.0,0.0,0.302423,0.587844
MIMAT0002848,0.0,0.503862,0.182493,0.302423,0.0
MIMAT0002851,0.765579,0.0,0.0,0.0,0.0
MIMAT0002852,0.510386,0.251931,0.364986,0.302423,0.587843
MIMAT0002853,0.255193,0.251931,0.182493,0.0,0.195948
MIMAT0002854,0.0,0.251931,0.0,0.0,0.195948
MIMAT0002856,0.0,0.0,0.0,0.604846,0.195948
MIMAT0002857,0.510386,0.251931,0.364986,0.302423,0.587843
MIMAT0002858,0.255193,0.251931,0.0,0.0,0.0
MIMAT0002859,0.255193,0.503861,0.0,0.0,0.0
MIMAT0002861,0.0,0.0,0.182493,0.0,0.391896
MIMAT0002862,0.0,0.0,0.0,0.0,0.195948
MIMAT0002863,0.510386,0.0,0.0,0.0,0.195948
MIMAT0002866,0.255193,0.0,0.182493,0.0,0.0
MIMAT0002867,0.255193,0.0,0.0,0.302423,0.0
MIMAT0002868,0.255193,0.503862,0.547479,0.0,0.391896
MIMAT0002869,0.765578,0.0,0.364986,0.0,0.783791
MIMAT0002870,1.786348,4.030889,1.094957,2.721808,1.567582
MIMAT0002871,156.943408,182.901578,125.37256,148.18735,125.210645
MIMAT0002872,1.020771,3.275097,2.5549,2.721808,1.371635
MIMAT0002873,0.510386,0.251931,0.0,0.302423,0.0
MIMAT0002874,11.483664,3.527028,9.672119,6.653309,2.74327
MIMAT0002875,11.228473,6.298264,18.796761,15.726003,17.047459
MIMAT0002876,14.03559,39.805027,14.964411,18.750234,11.952817
MIMAT0002877,0.0,0.0,0.182493,0.0,0.0
MIMAT0002878,0.0,0.0,0.182493,0.0,0.0
MIMAT0002880,33.175029,4.53475,19.891715,23.89143,15.283929
MIMAT0002881,5.359045,0.503862,3.83235,5.746039,2.743269
MIMAT0002883,4.083084,0.251931,2.919885,3.326653,2.939218
MIMAT0002888,341.95799,284.933445,424.113286,378.028957,348.199239
MIMAT0002890,28.581564,11.840735,32.48372,22.07689,28.60838
MIMAT0002891,0.255193,1.259653,0.729972,1.814538,0.783792
MIMAT0003150,11.483665,6.550195,14.051947,16.633273,17.83125
MIMAT0003161,3.06231,1.763514,4.014842,1.209693,2.351374
MIMAT0003163,151.329172,91.198857,120.992732,81.654254,105.615864
MIMAT0003164,1.020772,0.503862,1.642436,0.302423,1.567583
MIMAT0003165,0.255193,0.0,0.0,0.0,0.195948
MIMAT0003180,226.866163,84.396733,232.130853,204.438059,251.792924
MIMAT0003214,0.0,0.251931,0.364986,0.0,0.195948
MIMAT0003215,1.275963,0.503862,2.007421,1.209692,0.97974
MIMAT0003218,1006.989723,620.253,904.981834,716.742901,786.926364
MIMAT0003220,0.0,0.503862,0.364986,0.302423,0.0
MIMAT0003228,0.0,0.0,0.0,0.0,0.195948
MIMAT0003233,7.400584,2.015445,7.482206,5.443617,8.425756
MIMAT0003235,0.0,0.251931,0.182493,0.0,0.195948
MIMAT0003238,0.0,0.0,0.182493,0.0,0.0
MIMAT0003239,25.519254,250.418963,26.461458,50.807092,53.689697
MIMAT0003241,7.400584,17.887069,7.299713,19.959929,11.169025
MIMAT0003242,72.985064,236.814712,28.286386,166.635165,165.575892
MIMAT0003243,0.0,0.251931,0.0,0.0,0.195948
MIMAT0003245,0.255193,0.251931,0.912464,0.907269,0.587844
MIMAT0003246,0.510386,0.251931,0.0,0.0,0.195948
MIMAT0003247,80.385649,33.002902,81.026808,71.069442,100.717171
MIMAT0003249,417.750173,7789.692415,467.364081,1140.13533,1015.009604
MIMAT0003250,1.275964,0.0,0.547479,0.604846,0.587844
MIMAT0003254,2.296734,1.007723,1.27745,3.931501,1.567583
MIMAT0003256,1.531156,6.046334,1.824928,0.302423,1.763531
MIMAT0003257,1.786349,1.763516,2.372408,4.83877,1.175688
MIMAT0003258,10.973279,18.39093,9.854612,14.213888,10.973077
MIMAT0003260,64.308519,16.879346,55.660307,51.109515,48.595055
MIMAT0003265,0.255193,1.259653,0.182493,0.0,0.391896
MIMAT0003266,703.310614,265.534794,826.509928,550.712585,698.16201
MIMAT0003270,0.0,0.503861,0.0,0.0,0.0
MIMAT0003273,0.0,0.0,0.364986,0.0,0.391896
MIMAT0003275,1.020772,0.755793,0.547479,1.209692,0.391896
MIMAT0003280,0.0,0.251931,0.0,0.0,0.0
MIMAT0003284,0.765579,4.78668,0.729971,2.721807,1.76353
MIMAT0003287,0.510385,0.251931,1.27745,1.209693,0.587843
MIMAT0003293,0.0,0.503862,1.27745,2.419385,0.391896
MIMAT0003294,3.317503,18.138998,5.657278,4.233924,3.918955
MIMAT0003296,0.510385,4.786681,0.547479,2.116961,0.783792
MIMAT0003297,17.608286,21.917958,18.796759,40.524703,20.182623
MIMAT0003298,0.255193,0.251931,0.364986,0.907269,0.0
MIMAT0003301,0.765579,24.437263,1.824928,1.512115,5.878434
MIMAT0003302,0.255193,0.0,0.0,0.302423,0.195948
MIMAT0003306,0.510386,0.251931,0.182493,0.0,0.0
MIMAT0003309,0.255193,0.0,0.0,0.0,0.195948
MIMAT0003311,0.255193,0.755792,0.182493,0.302423,0.783791
MIMAT0003312,1.786348,31.239389,1.27745,1.209692,1.371635
MIMAT0003313,0.0,0.251931,0.182493,0.604846,0.587844
MIMAT0003321,3.062311,1.763514,2.007421,2.419385,5.094643
MIMAT0003322,47.976196,33.002901,49.090566,58.670093,45.45989
MIMAT0003323,0.255193,0.251931,0.0,0.604846,0.0
MIMAT0003328,9.186931,1.259653,6.569741,7.863003,12.932555
MIMAT0003329,100.035473,19.398653,112.963048,49.597399,105.223969
MIMAT0003330,8.421354,3.778959,10.767076,6.65331,8.229808
MIMAT0003331,29.602335,10.581083,27.191429,35.081086,40.757142
MIMAT0003332,17.0979,5.794403,25.366501,15.121158,22.729946
MIMAT0003335,0.0,0.503862,0.0,0.0,0.0
MIMAT0003336,0.0,0.0,0.182493,0.302423,0.195948
MIMAT0003337,0.0,0.251931,0.182493,0.0,0.0
MIMAT0003338,21.691366,21.666027,35.221112,33.568971,43.892308
MIMAT0003339,6.124622,13.35232,13.686962,16.633273,16.06772
MIMAT0003340,3.317504,1.007723,3.102378,2.419385,2.351374
MIMAT0003385,0.0,0.0,0.182493,0.0,0.195948
MIMAT0003386,21.946558,11.084945,12.774497,18.145388,12.736607
MIMAT0003389,204.66441,87.167969,194.537334,165.425469,145.785163
MIMAT0003393,435.358457,225.981699,261.147209,667.750347,444.605558
MIMAT0003879,195.222287,67.769317,198.187191,176.91755,212.603363
MIMAT0003880,5.869429,2.519306,7.299713,6.65331,8.229807
MIMAT0003881,13.525206,5.542472,11.679542,3.9315,11.56092
MIMAT0003882,95.697199,43.080125,100.918524,72.883983,89.744093
MIMAT0003883,2.551927,1.007723,2.919885,3.326654,1.959479
MIMAT0003884,0.765578,0.251931,0.547479,0.604846,0.391896
MIMAT0003885,5.614237,16.375487,7.11722,12.096926,8.621704
MIMAT0003886,251.364643,173.832076,285.783738,249.196687,312.928636
MIMAT0003887,32.919837,14.611973,22.446615,32.964124,29.000274
MIMAT0003888,44.4035,21.666027,40.148419,40.222281,39.777403
MIMAT0003945,1.786348,0.755793,1.642436,1.209692,1.959479
MIMAT0003948,9.952508,8.817571,14.234441,33.266547,11.169025
MIMAT0004185,0.0,0.251931,0.0,0.0,0.0
MIMAT0004284,0.0,0.251931,0.0,0.0,0.0
MIMAT0004481,19.649828,45.3475,20.074211,29.032623,25.865109
MIMAT0004482,20.670595,97.497122,20.804181,29.939893,54.277542
MIMAT0004484,321.287395,667.867874,344.181437,393.150115,370.145393
MIMAT0004485,45.169079,34.262554,34.491142,32.6617,35.6625
MIMAT0004486,1.020771,4.030889,1.459943,1.512116,2.547322
MIMAT0004487,0.255193,0.755792,0.182493,0.302423,0.195948
MIMAT0004488,0.0,0.251931,0.182493,0.0,0.0
MIMAT0004489,2.041542,4.030889,2.007421,3.629078,2.939217
MIMAT0004491,0.765578,5.290542,1.094957,3.931501,2.351374
MIMAT0004493,1.531156,5.290543,1.27745,3.629078,1.76353
MIMAT0004494,41.341191,55.172792,14.416932,87.702717,71.912844
MIMAT0004495,30.112719,25.696917,37.59352,37.19805,34.290865
MIMAT0004496,0.765578,0.0,0.364986,1.512115,0.391896
MIMAT0004497,4.083081,4.534751,3.467363,5.443616,3.918956
MIMAT0004498,0.0,0.0,0.364986,0.302423,0.0
MIMAT0004499,0.765578,0.755792,0.364986,0.0,0.391896
MIMAT0004500,10.718086,26.704638,8.942147,13.004196,9.601443
MIMAT0004501,3.317503,1.511583,0.912464,3.024232,4.5068
MIMAT0004502,856.936517,1869.828496,796.398615,1066.344081,691.89168
MIMAT0004503,11.738859,9.573362,9.854614,12.096927,12.344711
MIMAT0004504,2.807119,1.007723,2.737393,3.024231,4.114905
MIMAT0004505,0.255193,0.755792,0.364986,0.907269,0.0
MIMAT0004506,3.317503,3.778959,3.102378,3.024231,3.723009
MIMAT0004507,0.510385,1.007722,0.364986,0.302423,1.175687
MIMAT0004509,8.676547,15.619695,7.299713,11.189656,8.033859
MIMAT0004511,15.566745,8.313708,10.584583,10.282387,14.500137
MIMAT0004512,0.510385,1.259653,0.729972,0.0,0.0
MIMAT0004513,16.842707,26.200777,23.906558,25.101122,21.946153
MIMAT0004514,3.82789,6.046333,4.562321,3.326654,4.114905
MIMAT0004515,109.477598,74.319511,92.34136,103.428721,97.9739
MIMAT0004516,0.510386,0.251931,1.094957,1.209692,0.979739
MIMAT0004517,0.0,0.503861,0.547479,0.302423,0.0
MIMAT0004518,2.551926,3.778959,2.554899,13.911465,5.094644
MIMAT0004543,1.786349,1.007723,1.094957,1.814539,0.391896
MIMAT0004548,28.07118,11.084946,24.089053,26.310815,25.081318
MIMAT0004549,1.020771,0.251931,2.007421,0.604846,2.155426
MIMAT0004550,101.82182,111.353302,103.473423,102.21903,95.034684
MIMAT0004551,3.827888,1.763515,3.649857,2.419384,4.310852
MIMAT0004552,1053.689958,316.676695,1147.149792,990.73829,1071.834463
MIMAT0004553,75.536989,22.925679,45.805696,57.157978,39.777403
MIMAT0004554,2.80712,1.259653,3.102378,3.326653,4.5068
MIMAT0004556,0.0,0.251931,0.182493,0.0,0.0
MIMAT0004557,0.0,0.503861,0.364986,0.604846,0.0
MIMAT0004558,575.203962,3183.142421,699.494932,1031.867841,851.981034
MIMAT0004559,441.483076,177.359105,574.852346,385.287112,503.585845
MIMAT0004561,0.0,0.0,0.0,0.0,0.195948
MIMAT0004563,77.068145,33.002904,85.041649,66.835518,57.608655
MIMAT0004564,0.0,0.251931,1.27745,0.907269,0.0
MIMAT0004565,0.255193,0.251931,0.912464,0.0,1.175687
MIMAT0004566,1.786349,0.503861,1.459943,0.604846,0.391896
MIMAT0004567,1.786348,3.275097,2.554899,1.512116,2.743269
MIMAT0004568,3.062313,1.259655,2.554901,4.233922,2.939219
MIMAT0004569,4.593467,1.007724,3.284872,2.419384,2.743271
MIMAT0004570,1.531156,1.259654,0.547479,3.629078,2.155426
MIMAT0004571,0.0,0.503862,0.0,0.0,0.391896
MIMAT0004584,69.922754,80.869704,50.915494,73.791251,52.122114
MIMAT0004585,40.32042,63.234567,24.636529,66.230672,43.500413
MIMAT0004586,3.572696,8.81757,9.672119,28.7302,10.581181
MIMAT0004587,0.510386,4.03089,0.547479,0.604846,0.783792
MIMAT0004588,13.525206,32.499044,17.336818,14.516312,16.459616
MIMAT0004589,2.807118,3.023166,3.467364,3.629078,5.29059
MIMAT0004591,125.299536,25.193056,108.40073,96.170564,109.142926
MIMAT0004592,3.317505,6.802126,2.737392,4.233923,4.898696
MIMAT0004593,0.0,0.251931,0.364986,0.302423,0.195948
MIMAT0004594,45.424273,21.666028,47.265638,38.105318,67.210097
MIMAT0004595,0.0,0.0,0.547479,0.0,0.195948
MIMAT0004596,4.848659,4.282819,3.832349,5.74604,4.5068
MIMAT0004597,2352.364743,3256.202281,3192.529185,2996.711148,3502.958815
MIMAT0004598,0.765578,0.251931,0.182493,0.302423,0.587844
MIMAT0004599,13.270011,7.809847,10.949569,13.609042,4.898695
MIMAT0004600,216.913652,71.800207,620.110561,2477.752995,1049.692363
MIMAT0004601,14.801167,7.557917,14.96441,13.911464,12.736606
MIMAT0004602,4.593466,4.78668,5.474784,5.74604,5.682486
MIMAT0004603,127.596267,123.194036,192.347421,117.642609,183.211195
MIMAT0004604,2464.649459,1242.017583,1905.95489,2227.346612,1763.530198
MIMAT0004605,394.01727,106.314691,362.065732,266.132384,384.841479
MIMAT0004606,220.48635,85.908317,243.262914,162.401241,199.866757
MIMAT0004607,21.18098,7.054056,11.67954,9.072694,11.952817
MIMAT0004608,0.0,0.251931,0.0,0.604846,0.0
MIMAT0004609,2.04154,1.763515,5.474785,4.233923,3.72301
MIMAT0004610,0.0,0.503862,0.364986,0.0,0.0
MIMAT0004611,14.03559,8.061778,12.774497,16.330849,13.32445
MIMAT0004612,0.255193,0.251931,0.182493,0.0,0.0
MIMAT0004613,0.510385,0.503861,0.364986,0.0,0.195948
MIMAT0004614,112.539906,147.127437,92.523853,104.033569,100.52122
MIMAT0004615,2.551925,0.755792,4.197335,1.209692,2.939217
MIMAT0004671,0.510386,1.007723,1.094957,0.604846,0.979739
MIMAT0004672,91.103736,225.47784,93.983798,156.655198,108.359135
MIMAT0004673,77.833727,81.121635,67.522341,94.658448,61.723558
MIMAT0004674,1.275963,3.023167,1.824928,2.419385,2.547322
MIMAT0004675,2754.803363,54344.693389,4462.496635,9374.815711,12016.694754
MIMAT0004676,1.275964,10.077225,2.189913,3.9315,4.5068
MIMAT0004677,2.296733,27.964292,3.83235,5.746039,7.250069
MIMAT0004678,122.237223,104.047314,128.839923,106.755377,102.284753
MIMAT0004679,0.765579,1.763515,0.182493,1.209692,0.97974
MIMAT0004680,8.421353,12.344596,5.474784,6.653309,6.074382
MIMAT0004681,3.572697,5.290542,2.372406,2.419385,2.155425
MIMAT0004682,338.64049,369.330181,333.779347,324.500056,426.970258
MIMAT0004683,1.275963,0.251931,1.824928,0.907269,2.155427
MIMAT0004687,0.255193,0.0,0.0,0.0,0.0
MIMAT0004688,580.8182,704.901664,469.736488,526.821154,552.180899
MIMAT0004689,27.305603,11.840737,31.023777,35.38351,35.466551
MIMAT0004690,3.827889,1.007723,9.489627,6.65331,5.878433
MIMAT0004692,102.077013,267.298307,170.448283,173.288473,218.873692
MIMAT0004693,128.872228,474.637144,110.773134,147.582504,136.575616
MIMAT0004694,12.759627,11.336875,14.416934,10.887233,11.560921
MIMAT0004695,0.255193,0.251931,0.364986,0.302423,0.195948
MIMAT0004696,18.11867,8.313708,20.07421,14.213888,16.459615
MIMAT0004697,124.533956,444.909342,162.418599,175.405436,244.93475
MIMAT0004698,0.255193,0.0,0.0,0.0,0.0
MIMAT0004699,1.275963,3.778959,4.197335,3.629077,1.567583
MIMAT0004700,5.359045,6.802127,7.482206,6.653307,9.601443
MIMAT0004701,142.907819,1470.266656,201.107076,299.096509,474.585572
MIMAT0004702,21.946558,16.375486,25.91398,28.125354,25.86511
MIMAT0004703,252.640605,84.900593,195.997275,150.001888,162.244778
MIMAT0004748,49.762544,113.872607,59.857642,98.589951,63.09519
MIMAT0004749,2.041541,0.755792,1.094957,0.907269,0.587843
MIMAT0004751,0.510385,0.0,0.182493,0.604846,0.195948
MIMAT0004752,1.786349,1.007723,2.189915,1.814538,1.76353
MIMAT0004757,938.85332,415.937332,775.959419,815.937699,753.811186
MIMAT0004761,1.531155,1.763514,0.547479,0.907269,0.979739
MIMAT0004762,0.0,0.251931,0.182493,2.721807,0.391896
MIMAT0004763,37.25811,25.444987,43.798276,37.198049,39.18956
MIMAT0004764,1.020771,0.0,1.642435,2.419385,0.587843
MIMAT0004765,10.462895,7.054056,9.307133,9.979964,11.952816
MIMAT0004766,83.192766,45.59943,58.762685,77.117907,63.291141
MIMAT0004767,4.593466,17.383209,6.204756,6.048464,5.682486
MIMAT0004768,0.765579,0.251931,0.547478,1.512115,1.175688
MIMAT0004770,1.275964,1.763515,1.277451,2.419384,1.371636
MIMAT0004772,0.0,0.0,0.182493,0.604846,0.391896
MIMAT0004773,2.041541,2.267375,3.649857,4.233924,3.918957
MIMAT0004774,25.519253,37.537652,29.198849,29.637469,25.08132
MIMAT0004775,2.807118,4.28282,4.927307,6.653308,4.5068
MIMAT0004776,4.848659,13.856181,3.832349,7.560578,3.527061
MIMAT0004778,0.765578,0.503861,0.729971,1.209692,0.195948
MIMAT0004780,13.525204,22.421819,14.599424,15.121157,10.777129
MIMAT0004784,70.43314,62.730708,83.581706,87.400295,57.804601
MIMAT0004785,0.255193,0.0,0.364986,0.0,0.587844
MIMAT0004792,0.255193,1.007722,0.912465,0.907269,1.76353
MIMAT0004793,0.0,0.503862,0.182493,0.0,0.0
MIMAT0004794,0.0,0.0,0.0,0.0,0.391896
MIMAT0004797,1176.437563,527.79449,772.127069,898.196799,836.501158
MIMAT0004798,0.0,0.0,0.0,0.302423,0.0
MIMAT0004799,84.979113,441.382314,83.946693,85.283332,94.838735
MIMAT0004800,2.041542,1.259654,0.912465,2.116961,1.175688
MIMAT0004801,2.041541,6.802125,2.554899,3.024231,3.723008
MIMAT0004803,0.0,0.0,0.0,0.0,0.195948
MIMAT0004805,0.510386,1.007722,0.0,0.302423,0.0
MIMAT0004808,194.711902,1632.006063,212.786616,494.764299,446.760984
MIMAT0004809,194.45671,73.563721,148.549146,140.62677,136.967513
MIMAT0004810,38.789266,17.383208,31.388763,53.5289,32.91923
MIMAT0004811,0.0,0.503862,0.0,0.604846,0.195948
MIMAT0004813,30.623105,8.565639,19.709223,17.842966,34.878709
MIMAT0004814,90.848542,46.607152,96.356202,109.779609,114.237568
MIMAT0004819,7.145391,7.305988,6.934727,6.955732,7.837913
MIMAT0004902,28.071179,7.557917,21.899137,18.145389,16.263667
MIMAT0004907,0.255193,0.0,0.547479,0.604846,0.587844
MIMAT0004909,8.421354,5.290542,8.759655,8.165425,6.858173
MIMAT0004911,424.640371,387.217247,379.402547,337.806675,383.273896
MIMAT0004912,0.0,0.0,0.0,0.302423,0.0
MIMAT0004913,0.0,0.0,0.182493,0.302423,0.0
MIMAT0004916,0.0,0.0,0.0,0.302423,0.0
MIMAT0004918,0.255193,0.0,0.0,0.0,0.0
MIMAT0004919,0.255193,0.0,0.182493,0.302423,0.587844
MIMAT0004920,35.471762,10.077221,28.103893,32.056855,27.432692
MIMAT0004921,398.355539,171.816632,701.319864,437.606319,626.053221
MIMAT0004924,7.400584,1.259653,4.562321,5.443616,5.486539
MIMAT0004925,3.827889,1.007722,2.737393,3.629078,1.959479
MIMAT0004926,181.952275,64.998081,159.681207,147.884928,156.562293
MIMAT0004927,318.48028,207.590767,245.270333,291.233509,250.813184
MIMAT0004928,0.0,0.503862,0.0,0.0,0.0
MIMAT0004929,0.765578,0.0,0.0,0.0,0.0
MIMAT0004945,379.726487,216.912199,458.056949,297.886817,345.651918
MIMAT0004946,101.566629,44.591707,55.112829,68.952481,71.912844
MIMAT0004947,251.10945,83.892872,181.762837,168.147278,167.731318
MIMAT0004948,3.572696,0.755792,4.562321,4.83877,4.898695
MIMAT0004949,4.338276,7.809848,3.467363,5.141193,6.27033
MIMAT0004950,0.255193,0.755792,0.912464,0.302423,0.587844
MIMAT0004951,7.145391,33.002902,15.146904,16.935697,7.641964
MIMAT0004952,0.255193,0.0,0.0,0.0,0.0
MIMAT0004953,26.029639,10.581083,16.059368,21.472044,18.223145
MIMAT0004954,23.477713,9.32143,33.578677,22.379314,43.108517
MIMAT0004955,88.041425,159.975897,83.764199,125.203189,138.535096
MIMAT0004956,3.317503,3.527028,3.284871,2.419385,5.094643
MIMAT0004957,10.718087,13.604251,9.489626,12.096925,6.662226
MIMAT0004958,0.255193,2.015444,0.182493,0.907269,0.979739
MIMAT0004959,0.0,0.755792,0.729972,0.907269,0.979739
MIMAT0004960,0.0,0.0,0.182493,0.302423,0.391896
MIMAT0004975,0.510385,0.0,0.182493,0.0,0.783791
MIMAT0004977,0.0,0.0,0.0,0.0,0.195948
MIMAT0004978,613.227651,119.163149,391.26458,394.359807,441.666341
MIMAT0004980,1.531156,4.030889,0.729972,3.629078,1.567583
MIMAT0004982,1.020771,0.0,0.547479,0.302423,0.783792
MIMAT0004983,18.884248,6.298265,15.876874,17.842965,18.223145
MIMAT0004985,0.765579,6.298264,2.919885,5.746039,5.682488
MIMAT0004986,0.0,0.0,0.0,0.0,0.391896
MIMAT0004987,0.255193,0.0,0.364986,0.0,0.195948
MIMAT0005452,2.041541,4.282819,3.102378,6.350886,5.094643
MIMAT0005457,0.0,0.0,0.0,0.0,0.195948
MIMAT0005458,93.145275,45.851359,96.356202,83.166371,86.412979
MIMAT0005459,0.765578,0.755792,1.094957,1.814538,0.979739
MIMAT0005572,0.0,0.0,0.182493,1.512115,0.0
MIMAT0005573,0.255193,0.0,0.547479,0.604846,0.391896
MIMAT0005577,2.551926,10.329153,1.27745,2.419385,1.76353
MIMAT0005580,0.0,0.0,0.0,0.302423,0.391896
MIMAT0005582,1.275964,4.030889,1.094956,0.604846,1.959478
MIMAT0005583,2.551925,2.267376,2.007421,2.419385,1.567583
MIMAT0005584,10.973281,4.53475,2.919885,5.746039,6.27033
MIMAT0005589,0.0,0.0,0.182493,0.604846,0.195948
MIMAT0005592,0.0,0.0,0.182493,0.0,0.0
MIMAT0005789,0.0,0.755792,0.0,0.302423,0.0
MIMAT0005791,2.296733,0.503862,1.094957,0.907269,2.155426
MIMAT0005792,3.062312,10.077225,1.642435,4.536346,1.763531
MIMAT0005793,0.0,1.007724,0.0,0.302423,0.391896
MIMAT0005794,146.480514,51.39383,102.925944,164.215778,140.69052
MIMAT0005795,0.0,0.0,0.182493,0.0,0.0
MIMAT0005796,10.718087,21.917958,8.212176,9.375118,7.837912
MIMAT0005797,60.480631,51.645762,69.34727,65.020979,57.020811
MIMAT0005798,4.848659,1.511585,5.109799,4.536347,7.446016
MIMAT0005799,0.255193,0.0,0.182493,0.0,0.391896
MIMAT0005800,7.655777,4.030889,6.022263,4.536347,6.27033
MIMAT0005823,0.0,0.0,0.0,0.0,0.195948
MIMAT0005824,4.338274,2.015445,4.197336,3.629078,3.527061
MIMAT0005825,256.213302,133.523188,211.691658,201.111405,200.258652
MIMAT0005826,0.255193,0.251931,0.0,0.0,0.391896
MIMAT0005874,0.255193,0.251931,0.0,0.302423,0.391896
MIMAT0005875,0.0,0.0,0.0,0.604846,0.391896
MIMAT0005877,0.255193,0.0,0.729971,0.0,0.195948
MIMAT0005878,17.863477,121.682452,17.701802,21.472044,19.986675
MIMAT0005881,0.510386,2.015445,0.364986,0.907269,0.195948
MIMAT0005882,0.0,0.0,0.364986,0.604846,0.0
MIMAT0005885,0.255193,1.511584,0.364986,0.604846,0.391896
MIMAT0005889,0.0,0.251931,0.0,0.0,0.0
MIMAT0005892,0.0,0.0,0.364986,0.0,0.195948
MIMAT0005893,0.255193,0.755792,0.0,0.0,0.783791
MIMAT0005894,1.275964,4.030891,0.729972,2.116962,1.175687
MIMAT0005895,0.0,0.0,0.0,0.604846,0.0
MIMAT0005899,9.186931,1.259654,5.474784,4.83877,5.094643
MIMAT0005901,55.631973,73.563719,65.697411,65.323402,75.8318
MIMAT0005902,1.531155,11.084945,1.094957,3.326654,4.114904
MIMAT0005903,23.222521,16.627417,23.906558,14.516312,11.169025
MIMAT0005905,0.510386,1.511586,0.182493,0.302423,0.195948
MIMAT0005906,0.0,0.0,0.182493,0.0,0.0
MIMAT0005907,0.0,0.0,0.182493,0.0,0.195948
MIMAT0005909,14.03559,4.786681,14.234441,16.028426,13.520399
MIMAT0005914,1.531156,2.267377,1.094957,0.907269,1.371635
MIMAT0005919,0.0,1.259654,0.182493,0.604846,0.195948
MIMAT0005920,4.08308,6.046333,1.27745,3.931501,2.351374
MIMAT0005921,0.0,0.0,0.182493,0.0,0.0
MIMAT0005923,2.296734,1.007723,7.11722,3.9315,0.979739
MIMAT0005924,0.0,19.650586,5.474783,3.326654,2.155426
MIMAT0005929,0.0,0.503862,0.0,0.0,0.195948
MIMAT0005930,0.510386,1.007723,0.729972,0.0,0.783791
MIMAT0005933,1.531155,3.778958,2.554899,0.907269,2.351374
MIMAT0005941,0.255193,0.251931,0.547479,0.302423,0.0
MIMAT0005942,0.255193,1.511583,0.547479,0.302423,0.783791
MIMAT0005943,1.02077,3.023169,1.459943,1.512115,1.371636
MIMAT0005944,0.255193,0.0,0.364986,0.0,0.0
MIMAT0005948,4.338273,5.038611,5.292293,6.048463,5.094644
MIMAT0005949,60.225438,33.254834,53.83538,49.89982,63.291139
MIMAT0005950,1.531155,1.511584,2.189914,1.814538,1.959479
MIMAT0005951,1568.923678,1614.874787,1374.170843,1751.33255,1313.438102
MIMAT0005955,2.296733,0.251931,1.459942,2.116962,1.76353
MIMAT0006764,0.510386,0.503862,0.182493,0.604846,0.0
MIMAT0006789,15.821937,15.115833,14.781917,15.121158,14.108241
MIMAT0006790,4.848659,1.511583,5.292292,3.931501,4.310852
MIMAT0007400,0.510385,0.251931,0.182493,0.0,0.0
MIMAT0007881,0.0,0.0,0.0,0.302423,0.195948
MIMAT0007882,0.0,0.0,0.0,0.302423,0.0
MIMAT0007884,0.0,0.0,0.0,0.302423,0.0
MIMAT0007885,3.827888,0.251931,2.5549,0.604846,2.155426
MIMAT0007887,13.525206,3.778958,20.804181,9.677541,23.317788
MIMAT0007888,0.0,0.503862,0.0,0.302423,0.0
MIMAT0007889,0.255193,0.0,0.0,0.0,0.0
MIMAT0009196,11.228472,6.550194,9.124641,9.677541,9.013599
MIMAT0009198,0.0,0.251931,0.0,0.302423,0.0
MIMAT0009199,1.020771,0.251931,0.912465,1.209692,0.391896
MIMAT0009203,0.255193,0.0,0.0,0.0,0.0
MIMAT0009206,1.02077,0.755792,0.912464,0.302423,0.391896
MIMAT0009451,3.572697,35.522207,5.292292,17.540544,9.0136
MIMAT0010133,2.296734,2.519306,3.832349,5.443616,4.5068
MIMAT0010195,7.400584,29.223943,7.664698,3.629077,7.641965
MIMAT0010214,5.103851,29.979735,5.657277,10.58481,10.189286
MIMAT0010251,0.0,0.0,0.0,0.0,0.195948
MIMAT0010357,0.0,0.251931,0.729972,0.0,0.391896
MIMAT0010367,0.255193,0.0,0.182493,0.302423,0.195948
MIMAT0011156,0.0,0.0,0.364986,0.302423,0.587843
MIMAT0011157,0.255193,0.0,0.0,0.0,0.0
MIMAT0011158,0.255193,1.007723,0.0,0.0,0.195948
MIMAT0011159,0.510385,0.251931,0.547479,1.209692,0.391896
MIMAT0011160,0.255193,0.503861,0.0,0.0,0.195948
MIMAT0011161,0.0,2.267376,0.364986,0.302423,0.195948
MIMAT0011163,0.255193,0.503862,0.0,0.604846,0.587843
MIMAT0011775,0.0,0.755792,0.0,0.604846,0.0
MIMAT0011777,2.041541,0.503862,1.459943,1.512115,0.587844
MIMAT0012735,0.255193,0.0,0.0,0.0,0.0
MIMAT0013515,0.255193,0.0,1.459943,0.907269,1.175687
MIMAT0013516,1.275964,0.0,0.364986,0.0,0.391896
MIMAT0013517,5.869429,1.259653,5.83977,6.048462,4.702749
MIMAT0013518,1.275963,1.007722,1.824928,1.209692,0.783791
MIMAT0014977,0.0,0.0,0.182493,0.0,0.0
MIMAT0014979,3.317503,0.755793,4.379827,2.116961,6.074383
MIMAT0014982,0.0,0.251931,0.0,0.0,0.0
MIMAT0014986,0.0,0.503861,0.0,0.302423,0.0
MIMAT0014987,0.0,0.503861,0.182493,0.604846,0.0
MIMAT0014988,0.510385,0.0,1.459944,0.0,0.587844
MIMAT0014990,10.207701,17.63514,5.839771,10.282387,7.446017
MIMAT0014991,0.0,0.251931,0.0,0.0,0.195948
MIMAT0014994,0.0,0.251931,0.0,0.0,0.0
MIMAT0014995,1.275963,3.023168,0.547479,3.629077,0.783792
MIMAT0014997,0.255193,0.0,0.182493,0.0,0.0
MIMAT0015001,0.255193,0.251931,0.0,0.302423,0.195948
MIMAT0015003,0.0,1.007723,0.0,0.302423,0.0
MIMAT0015004,0.0,0.0,0.364986,0.0,0.0
MIMAT0015007,0.0,1.007722,0.182493,0.0,0.195948
MIMAT0015008,0.0,0.0,0.0,0.302423,0.0
MIMAT0015009,0.0,0.251931,0.182493,0.0,0.0
MIMAT0015015,0.255193,0.251931,0.0,0.0,0.0
MIMAT0015020,1.531156,16.375486,0.912464,3.024231,2.155427
MIMAT0015022,0.255193,0.503862,0.182493,0.0,0.0
MIMAT0015024,1.020771,0.755792,0.182493,0.302423,0.391896
MIMAT0015027,0.0,0.0,0.0,0.302423,0.0
MIMAT0015028,0.0,0.0,0.364986,0.0,0.0
MIMAT0015031,0.0,0.251931,0.182493,0.0,0.587844
MIMAT0015032,0.0,0.0,0.364986,0.0,0.195948
MIMAT0015035,0.0,1.007723,0.0,1.209692,0.0
MIMAT0015038,0.0,0.0,0.182493,0.302423,0.195948
MIMAT0015040,0.0,0.0,0.182493,0.0,0.0
MIMAT0015042,0.0,0.0,0.0,0.604846,0.0
MIMAT0015045,0.255193,0.251931,0.0,0.302423,0.391896
MIMAT0015049,0.0,0.251931,0.729971,0.0,0.0
MIMAT0015050,261.317153,110.59751,102.743452,103.731145,177.136812
MIMAT0015053,0.510386,0.0,0.547479,0.302423,0.0
MIMAT0015054,1.02077,0.251931,0.912464,0.302423,0.783791
MIMAT0015061,0.0,0.251931,0.0,0.302423,0.195948
MIMAT0015063,0.255193,0.755793,0.0,0.302423,0.391896
MIMAT0015066,7.910969,3.527028,5.292292,3.931501,6.27033
MIMAT0015069,0.255193,0.251931,0.182493,0.0,0.195948
MIMAT0015070,0.0,0.755793,0.364986,0.302423,0.195948
MIMAT0015072,0.0,0.0,0.182493,0.0,0.195948
MIMAT0015073,1.020771,0.251931,0.0,0.302423,0.0
MIMAT0015076,0.0,0.0,0.364986,0.302423,0.0
MIMAT0015077,0.510385,0.0,0.547479,0.0,0.195948
MIMAT0015078,0.0,0.0,0.0,0.0,0.195948
MIMAT0015080,0.0,0.0,0.0,0.0,0.195948
MIMAT0015083,0.0,0.251931,0.182493,0.0,0.195948
MIMAT0015084,0.0,0.755793,0.364986,2.116961,0.587843
MIMAT0015085,227.886929,204.06374,200.742089,229.236758,236.508994
MIMAT0015087,0.255193,0.503862,0.364986,0.0,0.0
MIMAT0015377,0.0,0.0,0.182493,0.0,0.0
MIMAT0015378,163.833608,64.49422,139.971984,116.432918,150.487911
MIMAT0016847,3.317503,2.015445,4.744814,4.536347,3.527061
MIMAT0016884,0.255193,0.503862,0.729971,0.0,0.587844
MIMAT0016888,2.296734,9.321431,2.737393,5.74604,4.114904
MIMAT0016895,49.762544,92.458511,20.256702,45.363474,32.919232
MIMAT0016915,0.255193,0.0,0.0,0.0,0.0
MIMAT0016916,0.0,0.251931,0.0,0.0,0.0
MIMAT0016925,2.041541,2.267375,3.649857,4.233924,3.918957
MIMAT0017352,2.041541,1.763515,2.189914,4.233924,0.979739
MIMAT0017392,0.765578,1.259654,1.277451,0.604846,0.391896
MIMAT0017950,4.593468,9.321431,2.372408,2.721807,4.898697
MIMAT0017981,0.0,0.0,0.912465,0.604846,0.195948
MIMAT0017982,3.062311,5.290542,1.642436,3.326654,1.371635
MIMAT0017984,0.0,0.0,0.0,0.302423,0.0
MIMAT0017985,8.421356,7.809849,7.664701,8.165424,6.466279
MIMAT0017986,0.0,0.251931,0.182493,0.0,0.0
MIMAT0017987,0.0,0.251931,0.364986,0.0,0.587844
MIMAT0017988,0.0,0.0,0.0,0.0,0.391896
MIMAT0017989,0.0,0.251931,0.0,0.0,0.0
MIMAT0017990,6.379813,14.360042,9.489626,10.282388,15.087981
MIMAT0017991,1.275963,0.755792,0.364986,1.512115,1.567583
MIMAT0017992,0.255193,0.0,0.0,0.0,0.391896
MIMAT0017993,0.0,0.0,0.364986,0.302423,0.195948
MIMAT0017994,5.359043,53.157346,9.854611,10.887234,17.047459
MIMAT0017996,0.0,0.0,0.182493,0.0,0.0
MIMAT0018000,0.510386,0.251931,0.364986,0.0,0.195948
MIMAT0018001,0.255193,0.503862,0.182493,0.0,0.391896
MIMAT0018003,0.0,0.0,0.0,0.604846,0.0
MIMAT0018004,1.02077,0.755792,1.27745,1.209692,0.587844
MIMAT0018006,0.0,0.755793,0.0,0.0,0.0
MIMAT0018071,0.255193,0.0,0.0,0.0,0.0
MIMAT0018072,0.0,0.0,0.0,0.0,0.195948
MIMAT0018073,1.531157,1.259654,0.912465,1.512115,0.979739
MIMAT0018075,0.0,0.0,0.0,0.302423,0.0
MIMAT0018080,0.255193,0.0,0.0,0.0,0.0
MIMAT0018082,0.0,0.0,0.182493,0.0,0.587844
MIMAT0018083,0.0,0.0,0.0,0.302423,0.0
MIMAT0018085,0.0,0.251931,0.0,0.0,0.195948
MIMAT0018086,0.255193,0.0,0.0,0.0,0.0
MIMAT0018089,0.0,0.0,0.0,0.302423,0.0
MIMAT0018090,0.0,0.0,0.0,0.604846,0.0
MIMAT0018098,0.0,0.251931,0.0,0.0,0.0
MIMAT0018101,1.786348,2.771236,2.372407,3.024232,0.979739
MIMAT0018102,1.531155,2.267375,0.912464,1.512115,0.979739
MIMAT0018103,0.765579,0.755792,0.912464,0.0,0.587844
MIMAT0018104,0.0,0.251931,0.0,0.0,0.0
MIMAT0018105,0.255193,0.251931,0.182493,0.0,0.0
MIMAT0018107,0.255193,0.251931,0.364986,0.0,0.391896
MIMAT0018108,1.020771,0.0,0.0,0.302423,0.0
MIMAT0018109,0.0,0.0,0.182493,0.0,0.0
MIMAT0018110,0.510385,2.015445,0.729971,0.907269,0.97974
MIMAT0018112,0.255193,0.0,0.182493,0.302423,0.0
MIMAT0018116,0.0,0.251931,0.0,0.0,0.0
MIMAT0018119,1.786348,1.511584,0.547479,0.604846,0.195948
MIMAT0018120,0.765578,1.007724,0.364986,0.604846,0.391896
MIMAT0018121,0.0,0.251931,0.0,0.0,0.0
MIMAT0018122,0.0,0.0,0.182493,0.907269,0.0
MIMAT0018183,0.255193,1.007723,0.912464,0.907269,0.391896
MIMAT0018184,0.0,0.251931,0.0,0.0,0.0
MIMAT0018185,0.255193,0.251931,0.0,0.0,0.0
MIMAT0018186,1.275963,0.755792,4.379828,1.814539,4.114904
MIMAT0018187,1.020772,0.755793,1.27745,1.209692,0.97974
MIMAT0018188,0.0,0.0,0.0,0.302423,0.0
MIMAT0018189,0.0,0.0,0.0,0.0,0.195948
MIMAT0018191,2.041544,1.007724,1.094958,0.604846,1.371636
MIMAT0018193,1.275965,0.755793,0.182493,0.907269,0.391896
MIMAT0018194,0.255193,0.251931,0.0,0.604846,0.195948
MIMAT0018195,0.510385,0.0,0.0,0.0,0.0
MIMAT0018197,1.275963,1.007722,0.364986,0.604846,0.783791
MIMAT0018198,1.02077,0.0,1.27745,1.814539,0.783792
MIMAT0018201,0.510386,0.0,0.182493,0.0,0.0
MIMAT0018203,1.275964,0.755793,0.0,0.0,0.0
MIMAT0018204,0.765578,2.771237,1.094957,0.604846,1.959479
MIMAT0018205,2.041541,4.28282,2.737392,1.814538,3.527061
MIMAT0018206,0.0,0.0,0.0,0.0,0.195948
MIMAT0018349,0.510385,0.251931,0.547478,0.0,0.195948
MIMAT0018352,0.0,1.007723,0.364986,0.302423,0.195948
MIMAT0018353,0.0,0.251931,0.0,0.0,0.391896
MIMAT0018354,0.0,0.0,0.0,0.0,0.195948
MIMAT0018355,0.0,0.0,0.182493,0.0,0.0
MIMAT0018356,0.765579,0.0,0.729971,0.0,0.391896
MIMAT0018358,0.0,0.503861,0.0,0.0,0.0
MIMAT0018359,13.014819,2.519306,10.037105,13.911466,7.054121
MIMAT0018360,0.510386,0.251931,0.0,0.0,0.0
MIMAT0018926,0.0,0.251931,0.547479,0.604846,0.195948
MIMAT0018932,0.0,0.0,0.182493,0.0,0.0
MIMAT0018934,0.510385,0.0,0.364986,0.302423,0.391896
MIMAT0018936,0.0,0.251931,0.0,0.0,0.0
MIMAT0018947,0.0,0.251931,0.0,0.0,0.0
MIMAT0018949,0.0,0.0,0.0,0.302423,0.0
MIMAT0018950,0.0,0.251931,0.182493,0.0,0.0
MIMAT0018951,0.0,0.0,0.0,0.0,0.391896
MIMAT0018957,0.0,0.0,0.729971,0.0,0.0
MIMAT0018960,0.0,0.251931,0.182493,0.0,0.0
MIMAT0018961,0.255193,0.503861,0.547479,0.907269,0.587844
MIMAT0018962,0.510386,4.030892,1.82493,0.302423,1.371635
MIMAT0018965,1.786348,1.763514,0.182493,1.512116,3.135165
MIMAT0018968,0.0,0.0,0.364986,0.0,0.0
MIMAT0018973,0.0,0.0,0.0,0.302423,0.0
MIMAT0018975,0.0,0.0,0.0,0.302423,0.0
MIMAT0018976,0.510385,1.259653,0.182493,0.302423,0.195948
MIMAT0018983,0.510385,0.503862,0.182493,0.604846,0.0
MIMAT0018996,0.510385,0.503862,0.0,0.0,0.0
MIMAT0019000,0.510386,0.251931,0.364986,0.302423,0.587844
MIMAT0019001,0.0,0.251931,0.0,0.0,0.0
MIMAT0019006,0.0,0.251931,0.0,0.0,0.0
MIMAT0019016,0.0,1.763514,0.0,0.0,0.783791
MIMAT0019018,1.020771,0.251931,0.547479,0.604846,0.0
MIMAT0019024,0.0,0.0,0.0,0.302423,0.0
MIMAT0019026,0.0,0.0,0.0,0.302423,0.195948
MIMAT0019033,0.0,0.0,0.182493,0.0,0.195948
MIMAT0019037,5.103851,1.511583,4.379828,1.209692,3.331113
MIMAT0019047,0.255193,0.503861,0.364986,0.604846,0.0
MIMAT0019048,0.0,0.251931,0.0,0.302423,0.0
MIMAT0019052,0.510386,0.251931,0.182493,0.0,0.391896
MIMAT0019053,0.255193,0.0,0.0,0.0,0.0
MIMAT0019054,0.0,0.0,0.182493,0.0,0.0
MIMAT0019057,0.0,0.0,0.0,0.302423,0.0
MIMAT0019058,0.510386,0.251931,0.912464,1.209692,0.97974
MIMAT0019059,0.0,0.0,0.0,0.0,0.391896
MIMAT0019060,0.255193,0.0,0.0,0.302423,0.0
MIMAT0019061,0.0,0.0,0.0,0.302423,0.195948
MIMAT0019063,0.0,0.0,0.547478,0.0,0.195948
MIMAT0019064,0.0,0.0,0.182493,0.0,0.0
MIMAT0019065,0.0,0.0,0.182493,0.0,0.0
MIMAT0019066,0.255193,0.0,0.0,0.0,0.0
MIMAT0019067,0.255193,0.0,0.182493,0.302423,0.0
MIMAT0019068,0.0,0.755793,0.547479,0.907269,0.587844
MIMAT0019072,0.0,0.251931,0.0,0.0,0.195948
MIMAT0019074,0.0,0.0,0.0,0.604846,0.0
MIMAT0019078,0.0,0.0,0.547479,0.0,0.391896
MIMAT0019200,0.0,0.251931,0.0,0.0,0.195948
MIMAT0019201,0.255193,0.251931,0.547478,0.302423,0.391896
MIMAT0019202,0.0,0.0,0.182493,0.0,0.0
MIMAT0019204,0.0,0.0,0.182493,0.0,0.0
MIMAT0019205,0.0,0.0,0.182493,0.0,0.0
MIMAT0019206,0.255193,0.0,0.0,0.0,0.0
MIMAT0019208,1.786349,2.771236,2.372407,3.024231,1.567583
MIMAT0019210,0.255193,1.259653,0.182493,0.604846,0.195948
MIMAT0019211,0.255193,0.0,0.182493,0.302423,0.0
MIMAT0019214,0.510386,6.046335,0.547479,0.604846,0.391896
MIMAT0019216,0.0,0.0,0.0,0.302423,0.0
MIMAT0019219,0.0,0.755792,0.547478,0.0,0.0
MIMAT0019220,0.255193,0.0,0.0,0.0,0.0
MIMAT0019221,0.0,0.0,0.912464,1.814539,0.783791
MIMAT0019225,0.255193,0.0,0.182493,0.0,0.0
MIMAT0019227,0.0,0.0,0.0,0.302423,0.0
MIMAT0019228,0.0,0.0,0.0,0.0,0.195948
MIMAT0019229,0.0,0.251931,0.0,0.0,0.195948
MIMAT0019232,0.0,0.251931,0.0,0.0,0.587844
MIMAT0019233,0.0,0.0,0.0,0.0,0.195948
MIMAT0019337,0.0,0.0,0.0,0.0,0.195948
MIMAT0019688,0.255193,0.0,0.0,0.0,0.195948
MIMAT0019693,0.255193,0.755792,0.0,0.0,0.783791
MIMAT0019694,0.0,0.0,0.364986,0.0,0.0
MIMAT0019695,0.255193,0.251931,0.0,0.604846,0.0
MIMAT0019696,0.765578,0.755792,0.364986,0.907269,0.195948
MIMAT0019697,0.0,0.0,0.182493,0.302423,0.0
MIMAT0019698,0.0,0.251931,0.0,0.0,0.0
MIMAT0019699,0.0,0.755792,0.547478,0.302423,0.0
MIMAT0019700,0.0,3.77896,0.182493,0.604846,0.587844
MIMAT0019701,0.0,0.251931,0.0,0.604846,0.0
MIMAT0019703,0.0,0.0,0.0,0.604846,0.0
MIMAT0019706,0.0,0.0,0.182493,0.0,0.0
MIMAT0019707,0.255193,0.503862,0.0,0.0,0.0
MIMAT0019708,0.510386,0.0,0.0,0.0,0.0
MIMAT0019709,0.0,0.0,0.0,0.0,0.195948
MIMAT0019720,0.510386,0.0,0.182493,0.0,0.0
MIMAT0019724,0.0,0.251931,0.0,0.0,0.0
MIMAT0019725,0.0,0.251931,0.0,0.0,0.0
MIMAT0019726,0.0,0.0,0.182493,0.302423,0.0
MIMAT0019728,0.255193,1.007723,0.729971,0.604846,0.0
MIMAT0019729,0.510386,4.786681,0.182493,1.512115,0.979739
MIMAT0019731,16.077129,20.910235,6.752234,10.584811,19.006937
MIMAT0019737,0.0,0.0,0.182493,0.0,0.195948
MIMAT0019739,0.765578,0.251931,0.182493,0.604846,0.0
MIMAT0019741,0.0,0.251931,0.182493,0.0,0.0
MIMAT0019743,0.0,0.0,0.182493,0.0,0.0
MIMAT0019744,0.0,0.0,0.182493,0.0,0.0
MIMAT0019746,3.317503,0.251931,1.642435,1.209692,1.175687
MIMAT0019747,0.255193,0.251931,0.182493,0.302423,0.0
MIMAT0019748,0.765579,2.519307,0.182493,2.116961,0.391896
MIMAT0019752,0.0,0.0,0.182493,0.0,0.0
MIMAT0019755,0.0,0.251931,0.0,0.0,0.195948
MIMAT0019758,0.0,0.503861,0.0,0.302423,0.0
MIMAT0019759,0.255193,0.0,0.0,0.0,0.0
MIMAT0019760,0.0,0.755792,0.182493,0.0,0.195948
MIMAT0019761,5.869429,15.619694,6.387249,4.83877,6.27033
MIMAT0019762,0.0,0.0,0.0,0.604846,0.195948
MIMAT0019764,0.255193,0.0,0.0,0.0,0.195948
MIMAT0019769,0.255193,0.251931,0.0,0.0,0.0
MIMAT0019772,0.0,0.251931,0.182493,0.0,0.391896
MIMAT0019774,0.0,0.0,0.0,0.302423,0.0
MIMAT0019775,0.0,0.251931,0.0,0.0,0.0
MIMAT0019776,14.801168,5.290541,7.847191,9.979964,7.054122
MIMAT0019779,0.0,0.0,0.0,0.0,0.195948
MIMAT0019780,0.0,0.251931,0.0,0.0,0.0
MIMAT0019782,0.255193,0.503861,0.182493,0.0,0.391896
MIMAT0019788,0.0,0.251931,0.0,0.0,0.0
MIMAT0019795,0.0,0.0,0.0,0.302423,0.0
MIMAT0019797,0.0,0.0,0.0,0.0,0.195948
MIMAT0019798,1.020771,0.503862,0.547479,0.302423,0.195948
MIMAT0019805,4.08308,0.503861,2.007421,2.116962,1.76353
MIMAT0019806,0.0,0.251931,0.0,0.0,0.0
MIMAT0019807,0.0,0.0,0.182493,0.0,0.0
MIMAT0019808,0.0,0.251931,0.364986,0.0,0.0
MIMAT0019812,0.510386,1.007722,0.182493,0.302423,0.0
MIMAT0019814,34.195798,28.216221,46.170681,79.839714,25.669164
MIMAT0019815,0.0,0.0,0.182493,0.0,0.0
MIMAT0019822,0.0,0.251931,0.0,0.0,0.0
MIMAT0019827,0.0,0.0,0.182493,0.0,0.195948
MIMAT0019828,0.0,0.0,0.0,0.302423,0.391896
MIMAT0019830,0.0,0.251931,0.182493,0.0,0.195948
MIMAT0019839,0.0,0.0,0.0,0.0,0.195948
MIMAT0019845,0.510385,0.503862,0.182493,0.302423,0.0
MIMAT0019846,0.0,0.0,0.182493,0.302423,0.0
MIMAT0019847,0.255193,0.0,0.0,0.302423,0.391896
MIMAT0019849,0.0,0.0,0.182493,0.0,0.0
MIMAT0019850,0.255193,0.0,0.182493,0.302423,0.0
MIMAT0019853,0.0,0.251931,0.0,0.0,0.0
MIMAT0019855,0.0,0.251931,0.364986,2.419385,0.97974
MIMAT0019856,0.255193,0.251931,0.729972,6.048462,1.76353
MIMAT0019857,0.0,0.251931,0.0,0.0,0.0
MIMAT0019858,0.0,0.0,0.182493,0.0,0.0
MIMAT0019859,0.0,0.755792,0.0,0.302423,0.0
MIMAT0019860,0.255193,0.0,0.182493,0.0,0.0
MIMAT0019862,0.0,0.251931,0.0,0.0,0.0
MIMAT0019864,0.255193,0.251931,0.182493,0.302423,0.391896
MIMAT0019865,1.020771,0.503862,0.912464,1.512115,1.175687
MIMAT0019867,1.020771,0.503862,0.0,0.604846,0.195948
MIMAT0019869,0.0,0.0,0.0,0.0,0.783792
MIMAT0019871,0.0,0.0,0.0,0.302423,0.0
MIMAT0019872,0.0,0.0,0.364986,0.0,0.0
MIMAT0019873,3.06231,4.534749,3.102378,3.024231,2.155426
MIMAT0019874,0.510386,0.251931,0.182493,0.604846,0.783792
MIMAT0019875,0.0,0.0,0.0,0.0,0.195948
MIMAT0019878,0.0,0.0,0.0,0.0,0.391896
MIMAT0019879,0.255193,0.251931,0.0,0.0,0.391896
MIMAT0019880,0.510385,2.519306,0.182493,0.907269,0.195948
MIMAT0019884,0.0,0.251931,0.0,0.0,0.0
MIMAT0019885,0.0,0.251931,0.0,0.0,0.0
MIMAT0019886,0.0,0.251931,0.0,0.0,0.0
MIMAT0019890,0.0,0.0,0.182493,0.302423,0.0
MIMAT0019891,0.0,0.251931,0.0,0.0,0.0
MIMAT0019894,0.0,0.503861,0.182493,0.0,0.195948
MIMAT0019897,0.0,0.0,0.0,0.302423,0.0
MIMAT0019901,0.0,0.251931,0.0,0.0,0.0
MIMAT0019906,0.0,0.251931,0.182493,0.0,0.0
MIMAT0019908,0.0,0.0,0.0,0.604846,0.0
MIMAT0019910,0.255193,0.251931,0.182493,0.0,0.0
MIMAT0019911,0.255193,0.251931,0.0,0.0,0.0
MIMAT0019912,0.255193,0.755792,0.182493,0.302423,0.0
MIMAT0019913,0.0,0.251931,0.0,0.0,0.0
MIMAT0019917,0.0,0.755792,0.0,0.302423,0.0
MIMAT0019918,0.255193,0.251931,0.0,0.302423,0.0
MIMAT0019919,0.0,0.0,0.0,0.302423,0.0
MIMAT0019924,0.0,0.251931,0.0,0.0,0.0
MIMAT0019926,0.0,0.251931,0.0,0.604846,0.195948
MIMAT0019927,0.0,0.0,0.182493,0.907269,0.0
MIMAT0019931,0.0,0.0,0.364986,0.907269,0.0
MIMAT0019939,0.510386,2.519306,0.364986,0.604846,0.0
MIMAT0019943,0.255193,0.251931,0.182493,0.302423,0.195948
MIMAT0019945,0.0,0.251931,0.0,0.0,0.0
MIMAT0019948,0.0,0.251931,0.182493,1.209692,0.783791
MIMAT0019949,0.0,0.503861,0.0,0.0,0.0
MIMAT0019952,0.0,0.0,0.182493,0.0,0.0
MIMAT0019954,1.020772,1.007723,1.459943,0.604846,0.195948
MIMAT0019955,0.0,0.503861,0.364986,0.302423,0.0
MIMAT0019956,0.0,0.251931,0.0,0.0,0.0
MIMAT0019957,8.676545,10.581084,7.11722,7.863003,8.817651
MIMAT0019958,0.0,0.0,0.0,0.0,0.195948
MIMAT0019960,0.0,0.251931,0.0,0.0,0.0
MIMAT0019961,0.255193,0.0,0.182493,0.0,0.0
MIMAT0019962,0.0,0.0,0.182493,0.0,0.0
MIMAT0019963,0.0,0.0,0.182493,0.0,0.0
MIMAT0019966,0.0,0.0,0.0,0.0,0.195948
MIMAT0019969,0.0,0.251931,0.364986,0.0,0.391896
MIMAT0019970,0.255193,0.503862,0.0,0.0,0.195948
MIMAT0019973,1.020771,1.511585,1.27745,2.419384,1.371635
MIMAT0019978,0.0,0.251931,0.0,0.0,0.0
MIMAT0019980,0.0,0.0,0.0,0.302423,0.0
MIMAT0019985,0.0,0.0,0.0,0.0,0.195948
MIMAT0020300,0.0,0.0,0.0,0.302423,0.195948
MIMAT0020924,0.255193,0.503862,0.0,0.302423,0.0
MIMAT0020925,0.510386,0.755793,0.182493,0.907269,0.0
MIMAT0020956,0.0,0.0,0.182493,0.0,0.0
MIMAT0020958,0.0,1.007723,0.0,0.0,0.0
MIMAT0020959,0.255193,0.251931,0.182493,0.302423,0.391896
MIMAT0021017,2.296734,0.251931,1.459944,0.604846,2.351375
MIMAT0021018,0.255193,0.0,0.364986,0.0,0.0
MIMAT0021019,0.0,0.251931,0.0,0.0,0.0
MIMAT0021020,0.255193,4.53475,1.27745,1.512116,0.979739
MIMAT0021021,0.510386,0.503862,0.182493,0.0,0.97974
MIMAT0021022,0.0,0.251931,0.364986,0.302423,0.391896
MIMAT0021023,1.02077,0.755792,0.729971,0.907269,1.175687
MIMAT0021024,0.255193,0.0,0.0,0.302423,0.0
MIMAT0021025,0.0,0.0,0.0,0.0,0.391896
MIMAT0021026,0.255193,0.0,0.0,0.0,0.0
MIMAT0021028,0.255193,0.0,0.0,0.0,0.0
MIMAT0021030,0.0,0.251931,0.0,0.0,0.0
MIMAT0021034,0.255193,0.0,0.0,0.0,0.195948
MIMAT0021041,0.0,0.0,0.182493,0.302423,0.0
MIMAT0021043,0.510386,0.503861,0.729972,0.302423,1.175687
MIMAT0021044,5.359044,4.03089,4.927307,7.863001,5.682486
MIMAT0021080,0.0,0.503862,0.0,0.0,0.0
MIMAT0021082,0.255193,1.007724,0.0,0.302423,0.195948
MIMAT0021083,0.0,0.251931,0.0,0.0,0.391896
MIMAT0021117,2.551925,4.53475,2.5549,1.814539,3.135165
MIMAT0021118,0.0,0.503862,0.0,0.0,0.0
MIMAT0021119,0.0,0.251931,0.0,0.0,0.0
MIMAT0021122,0.0,0.251931,0.0,0.0,0.0
MIMAT0021124,0.0,0.0,0.182493,0.0,0.0
MIMAT0021125,0.0,0.0,0.182493,0.0,0.0
MIMAT0022268,0.255193,0.0,0.0,0.0,0.0
MIMAT0022269,0.255193,0.0,0.0,0.0,0.0
MIMAT0022270,0.0,0.251931,0.547479,0.0,1.175687
MIMAT0022271,1.020771,0.503862,1.642436,1.209692,1.175688
MIMAT0022272,10.973281,9.825293,6.752235,7.863002,7.250069
MIMAT0022275,0.0,0.0,0.182493,0.0,0.0
MIMAT0022276,0.255193,1.511584,0.547479,0.302423,0.783792
MIMAT0022283,0.0,11.336874,0.729971,1.814539,1.76353
MIMAT0022284,0.0,1.511584,0.182493,0.0,0.0
MIMAT0022285,0.255193,0.0,0.0,0.0,0.0
MIMAT0022287,45.424271,14.611973,37.958503,34.476241,33.703022
MIMAT0022288,0.255193,0.0,0.182493,0.604846,0.0
MIMAT0022292,0.0,0.251931,0.0,0.0,0.0
MIMAT0022468,1.020772,0.0,1.642436,1.512115,1.763532
MIMAT0022470,0.510385,0.503861,0.182493,0.0,0.97974
MIMAT0022471,0.255193,0.0,0.0,0.0,0.587844
MIMAT0022472,114.581447,6.802125,28.103893,18.750236,21.750207
MIMAT0022479,0.0,0.0,0.0,0.0,0.195948
MIMAT0022480,0.0,0.0,0.0,0.302423,0.0
MIMAT0022482,0.0,0.0,0.0,0.0,0.195948
MIMAT0022485,0.255193,0.755792,0.0,0.0,0.0
MIMAT0022486,0.0,0.251931,0.0,0.0,0.0
MIMAT0022487,0.0,0.0,0.0,0.302423,0.0
MIMAT0022488,1.020771,0.0,0.0,0.0,0.0
MIMAT0022489,0.0,0.0,0.182493,0.0,0.0
MIMAT0022490,0.0,0.0,0.182493,0.0,0.0
MIMAT0022491,0.0,0.503861,1.459942,0.0,0.0
MIMAT0022492,0.0,0.251931,0.547479,2.116962,0.195948
MIMAT0022496,0.255193,0.251931,0.0,0.0,0.587844
MIMAT0022500,0.255193,2.015444,0.182493,0.0,0.0
MIMAT0022502,0.0,0.251931,0.182493,0.604846,0.195948
MIMAT0022691,0.0,0.0,0.364986,0.0,0.0
MIMAT0022692,40.575614,231.020312,35.03862,55.343439,54.081593
MIMAT0022693,1.275964,2.771236,0.729971,1.209692,0.195948
MIMAT0022695,5.869428,1.259653,7.482206,2.419385,9.405495
MIMAT0022696,4.848659,12.092667,3.284871,4.536347,5.094643
MIMAT0022697,24.498484,9.825292,44.345753,31.754432,46.439629
MIMAT0022700,0.0,0.0,0.364986,0.0,0.195948
MIMAT0022702,0.255193,0.0,0.182493,0.0,0.195948
MIMAT0022705,19.649825,4.03089,35.768591,23.286583,37.817926
MIMAT0022706,0.510385,0.0,0.182493,0.302423,0.195948
MIMAT0022707,0.255193,0.0,0.0,0.0,0.195948
MIMAT0022708,0.510386,1.511584,1.094957,0.907269,0.783792
MIMAT0022709,0.510386,1.007724,0.729972,0.0,0.587844
MIMAT0022710,2.807119,1.763516,2.5549,3.02423,4.310854
MIMAT0022713,0.0,0.0,0.364986,0.604846,0.0
MIMAT0022714,0.0,0.0,1.094958,0.0,0.587844
MIMAT0022717,4.338274,2.519305,7.847191,5.74604,4.5068
MIMAT0022720,0.0,0.0,0.0,0.0,1.175687
MIMAT0022721,4.593466,1.259653,2.007421,2.721808,1.371635
MIMAT0022726,20.415402,34.514485,16.971831,23.589006,24.10158
MIMAT0022727,328.432786,368.826316,594.926555,342.040599,383.86174
MIMAT0022833,0.255193,0.503862,0.364986,0.302423,0.391896
MIMAT0022834,80.130456,77.594608,64.784947,68.650059,94.054944
MIMAT0022838,1.02077,0.251931,1.459942,1.512116,1.76353
MIMAT0022839,0.0,0.251931,0.0,0.0,0.0
MIMAT0022842,1.275963,1.259654,1.459943,1.209692,1.76353
MIMAT0022844,0.765578,0.0,0.0,0.0,0.195948
MIMAT0022861,3.317505,0.0,2.189915,0.907269,0.979739
MIMAT0022862,8.93174,2.519306,5.657278,9.677541,7.054123
MIMAT0022923,3.062312,0.0,2.189915,0.604846,0.979739
MIMAT0022924,5.614236,2.519306,6.022263,4.536347,3.527061
MIMAT0022925,0.255193,0.503862,0.0,0.604846,0.0
MIMAT0022928,0.255193,1.259653,0.547478,0.302423,1.371634
MIMAT0022929,733.678523,269.061821,601.13131,686.500585,618.411255
MIMAT0022939,0.255193,0.0,0.0,0.0,0.0
MIMAT0022942,0.0,0.0,0.364986,0.302423,0.0
MIMAT0022945,0.0,0.251931,0.0,0.0,0.0
MIMAT0022967,0.0,0.755792,0.182493,0.0,0.0
MIMAT0022975,0.255193,0.251931,0.547478,0.302423,0.0
MIMAT0022978,0.0,0.0,0.182493,0.0,0.0
MIMAT0022979,0.0,0.0,0.0,0.302423,0.195948
MIMAT0024598,0.0,0.251931,0.0,0.604846,0.195948
MIMAT0024616,0.0,0.0,0.0,0.302423,0.0
MIMAT0025450,0.0,0.0,0.0,0.302423,0.0
MIMAT0025453,0.0,0.503861,0.364986,0.0,0.0
MIMAT0025460,0.0,0.0,0.0,0.0,0.195948
MIMAT0025466,0.0,1.763514,0.729971,0.604846,1.371634
MIMAT0025467,0.510385,0.251931,0.182493,0.302423,0.195948
MIMAT0025468,0.255193,0.0,0.0,0.0,0.0
MIMAT0025470,0.255193,0.251931,0.364986,0.0,1.567583
MIMAT0025472,0.0,0.251931,0.0,0.302423,0.0
MIMAT0025473,0.0,0.0,0.547479,0.302423,0.391896
MIMAT0025474,0.255193,2.519306,0.364986,0.907269,0.587844
MIMAT0025477,0.0,0.0,0.0,0.302423,0.0
MIMAT0025482,0.0,0.251931,0.0,0.0,0.0
MIMAT0025483,0.0,0.251931,0.182493,0.0,0.195948
MIMAT0025484,0.765579,2.015445,1.277451,1.512115,1.371635
MIMAT0025485,1.531155,0.251931,0.182493,0.302423,0.783791
MIMAT0025486,0.0,0.0,0.0,0.907269,0.195948
MIMAT0025841,1.531156,0.503861,0.729971,1.512116,0.587843
MIMAT0025844,0.255193,0.0,0.0,0.0,0.0
MIMAT0025845,0.765578,7.557917,2.372407,1.814539,0.979739
MIMAT0025846,0.0,0.251931,0.182493,0.302423,0.195948
MIMAT0025848,42.617155,20.910237,33.396185,33.87139,35.270605
MIMAT0025849,3.317504,0.503862,3.467363,5.74604,2.351374
MIMAT0025851,5.359044,2.015444,5.657277,7.258156,4.702747
MIMAT0025852,0.510385,0.0,0.547479,0.0,0.0
MIMAT0025855,0.0,0.251931,0.0,0.0,0.195948
MIMAT0025858,0.0,0.0,0.364986,0.0,0.0
MIMAT0026472,41.596384,30.987457,40.878389,40.524703,29.588118
MIMAT0026473,0.0,0.0,0.364986,0.0,0.0
MIMAT0026475,0.510385,0.251931,0.182493,0.0,1.567583
MIMAT0026477,214.872111,44.087846,120.080267,169.054549,95.426579
MIMAT0026478,0.0,0.251931,0.547479,0.302423,0.587844
MIMAT0026479,0.510385,0.251931,0.182493,0.0,0.0
MIMAT0026480,500.432552,164.258715,346.736335,371.67807,295.881177
MIMAT0026481,24.243291,5.542472,18.614266,16.935696,17.439354
MIMAT0026482,0.510385,0.0,0.0,0.302423,0.587844
MIMAT0026483,84.468729,24.941126,96.356204,63.811287,77.791277
MIMAT0026485,0.765578,0.503862,0.547479,1.209693,1.175687
MIMAT0026486,0.255193,0.0,0.0,0.0,0.0
MIMAT0026554,2.296733,0.251931,2.372406,2.721809,2.155426
MIMAT0026555,1.78635,1.763515,1.277451,1.814538,1.959479
MIMAT0026557,144.949359,54.416998,151.46903,161.493971,148.920328
MIMAT0026558,2.551926,0.251931,4.56232,3.024232,4.310852
MIMAT0026559,40.065228,11.336875,23.176587,18.750235,24.297528
MIMAT0026606,0.0,0.0,0.182493,0.0,0.0
MIMAT0026607,0.0,0.0,0.182493,0.907269,0.195948
MIMAT0026608,0.255193,0.0,0.0,0.0,0.0
MIMAT0026612,0.255193,0.0,0.182493,0.302423,0.0
MIMAT0026614,2.807118,1.511584,5.474785,4.233924,4.310852
MIMAT0026615,6.890199,2.519306,5.657277,3.629078,5.878435
MIMAT0026616,0.0,0.503862,0.182493,0.302423,0.195948
MIMAT0026617,0.0,0.0,0.0,0.604846,0.0
MIMAT0026618,1.531155,0.0,0.182493,0.907269,0.195948
MIMAT0026619,0.0,0.503862,0.182493,0.0,0.391896
MIMAT0026620,1.275963,0.251931,0.182493,0.604846,0.783792
MIMAT0026623,0.0,0.0,0.182493,0.302423,0.0
MIMAT0026625,0.510386,0.0,0.364986,0.0,0.783792
MIMAT0026626,0.255193,0.251931,0.547478,0.302423,0.195948
MIMAT0026627,2.041541,0.0,1.094956,2.116962,2.155426
MIMAT0026637,0.255193,0.251931,0.0,0.0,0.195948
MIMAT0026639,1.786349,2.015445,1.094957,1.814538,1.371635
MIMAT0026640,0.510386,0.0,0.364986,1.814538,0.587843
MIMAT0026641,139.845508,28.720083,119.167805,84.980909,119.33221
MIMAT0026718,7.910969,8.061778,6.934728,6.955732,8.03386
MIMAT0026719,0.765578,0.251931,0.0,1.209692,0.195948
MIMAT0026720,0.510386,1.511585,1.094958,0.302423,0.587844
MIMAT0026734,1.020771,0.755792,0.0,0.302423,0.0
MIMAT0026736,0.0,0.0,0.0,0.302423,0.0
MIMAT0026738,3.06231,34.262554,3.467364,2.419386,3.135165
MIMAT0026740,0.255193,0.251931,0.0,0.0,0.0
MIMAT0026741,1.275963,1.259653,1.094957,1.209692,0.783792
MIMAT0026743,0.0,0.503862,0.182493,0.0,0.0
MIMAT0026744,0.0,0.0,0.0,0.0,0.391896
MIMAT0026765,0.255193,0.0,0.0,0.0,0.0
MIMAT0026916,0.255193,0.251931,0.364986,0.0,0.0
MIMAT0026921,0.510386,1.511584,0.182493,0.302423,0.195948
MIMAT0027027,0.255193,0.251931,0.0,0.302423,0.0
MIMAT0027032,0.765578,1.007723,1.094957,0.907269,1.175687
MIMAT0027036,0.510385,0.0,0.0,0.0,0.0
MIMAT0027041,0.0,0.0,0.182493,0.0,0.195948
MIMAT0027088,0.0,0.0,0.182493,0.302423,0.0
MIMAT0027103,0.765578,3.023168,1.094957,1.814539,1.175687
MIMAT0027354,0.510386,0.503862,0.182493,0.907269,0.391896
MIMAT0027355,0.0,0.0,0.364986,0.0,0.0
MIMAT0027356,0.0,0.0,0.0,0.302423,0.0
MIMAT0027357,0.0,0.0,0.0,0.302423,0.195948
MIMAT0027361,0.0,0.0,0.364986,0.0,0.0
MIMAT0027362,0.0,0.0,0.182493,0.0,0.195948
MIMAT0027367,0.255193,0.0,0.0,0.0,0.391896
MIMAT0027368,1.020771,1.511584,0.364986,0.604846,0.783792
MIMAT0027369,0.255193,5.038613,1.824929,1.512115,0.783792
MIMAT0027370,0.255193,1.259653,0.0,0.0,0.0
MIMAT0027371,0.765579,0.0,0.0,0.302423,0.195948
MIMAT0027375,0.255193,0.0,0.0,0.0,0.0
MIMAT0027378,0.255193,0.0,0.0,0.0,0.0
MIMAT0027380,0.255193,0.503861,0.182493,0.302423,0.0
MIMAT0027381,0.0,0.0,0.0,0.302423,0.0
MIMAT0027382,0.0,0.0,0.0,0.0,0.195948
MIMAT0027384,0.255193,0.0,0.364986,0.302423,0.195948
MIMAT0027388,0.255193,0.503861,0.182493,0.604846,0.0
MIMAT0027391,0.0,0.0,0.182493,0.0,0.0
MIMAT0027393,0.510386,0.251931,0.364986,1.209692,0.783791
MIMAT0027395,0.0,0.755792,0.364986,0.0,0.195948
MIMAT0027396,0.255193,0.251931,0.182493,0.302423,0.0
MIMAT0027397,0.0,0.0,0.0,0.302423,0.0
MIMAT0027401,0.0,0.503862,0.0,0.0,0.195948
MIMAT0027402,0.0,0.0,0.0,0.0,0.195948
MIMAT0027409,0.510386,0.0,0.0,0.302423,0.0
MIMAT0027410,0.510385,3.527027,2.554899,1.512115,1.763531
MIMAT0027414,0.0,0.0,0.182493,0.302423,0.0
MIMAT0027415,0.255193,0.0,0.0,0.0,0.0
MIMAT0027417,0.255193,0.0,0.182493,0.0,0.0
MIMAT0027418,0.255193,0.0,0.0,0.0,0.195948
MIMAT0027421,0.510386,0.251931,0.912465,0.0,0.0
MIMAT0027422,1.531158,1.763515,1.824929,2.116961,1.371635
MIMAT0027423,0.0,0.0,0.0,0.604846,0.0
MIMAT0027425,0.255193,0.503862,0.0,0.302423,0.195948
MIMAT0027426,0.255193,0.503862,0.0,0.0,0.195948
MIMAT0027428,0.0,0.251931,0.547478,0.302423,0.587843
MIMAT0027429,0.0,0.0,0.182493,0.302423,0.0
MIMAT0027430,0.0,0.0,0.182493,0.0,0.0
MIMAT0027432,0.0,0.251931,0.0,0.0,0.0
MIMAT0027433,0.765578,1.511584,0.547479,0.302423,0.783792
MIMAT0027434,0.510386,0.0,0.547479,0.302423,0.195948
MIMAT0027437,0.0,0.0,0.0,0.0,0.195948
MIMAT0027439,0.0,0.0,0.182493,0.0,0.0
MIMAT0027445,0.0,0.251931,0.547479,0.907269,0.195948
MIMAT0027449,0.255193,0.0,0.182493,0.0,0.0
MIMAT0027451,0.255193,0.251931,0.0,0.0,0.0
MIMAT0027452,0.0,0.251931,0.0,0.0,0.0
MIMAT0027453,0.0,0.0,0.0,0.0,0.195948
MIMAT0027454,0.0,1.511584,0.182493,0.604846,0.783792
MIMAT0027458,0.0,0.251931,0.0,0.0,0.195948
MIMAT0027460,0.0,0.0,0.0,0.302423,0.0
MIMAT0027462,0.0,0.0,0.0,0.0,0.195948
MIMAT0027463,0.765578,0.251931,0.182493,1.512115,1.175687
MIMAT0027465,0.0,0.0,0.0,0.604846,0.0
MIMAT0027466,0.0,0.0,0.0,0.302423,0.0
MIMAT0027467,0.0,0.0,0.0,0.302423,0.0
MIMAT0027469,0.0,0.251931,0.182493,0.302423,0.0
MIMAT0027471,0.0,0.0,0.182493,0.0,0.0
MIMAT0027476,0.255193,1.259654,0.0,0.302423,0.0
MIMAT0027477,0.510385,1.763514,0.0,0.302423,0.783792
MIMAT0027483,0.255193,0.0,0.0,0.0,0.0
MIMAT0027485,0.255193,0.0,0.0,0.0,0.0
MIMAT0027486,0.255193,0.755792,0.0,0.0,0.195948
MIMAT0027487,0.0,0.251931,0.0,0.0,0.0
MIMAT0027488,1.531156,0.503862,1.459943,0.907269,0.391896
MIMAT0027489,1.275963,0.251931,0.547479,0.302423,0.195948
MIMAT0027490,0.0,0.0,0.182493,0.0,0.0
MIMAT0027491,0.255193,0.0,0.0,0.0,0.0
MIMAT0027492,0.510386,0.0,0.0,0.0,0.0
MIMAT0027493,1.020771,0.0,0.0,0.0,0.0
MIMAT0027495,0.0,0.251931,0.0,0.0,0.195948
MIMAT0027497,1.02077,0.503861,0.547478,0.604846,0.391896
MIMAT0027502,0.0,0.251931,0.0,0.0,0.0
MIMAT0027503,0.0,0.251931,0.182493,0.0,0.0
MIMAT0027505,1.020771,1.511585,1.824928,1.512115,1.371636
MIMAT0027507,0.510386,0.251931,0.912464,1.209692,0.587844
MIMAT0027508,0.0,0.503862,0.0,0.0,0.0
MIMAT0027509,0.255193,0.0,0.0,0.0,0.0
MIMAT0027510,0.0,0.251931,0.364986,0.302423,0.391896
MIMAT0027513,3.06231,3.023167,2.189914,3.931501,1.567582
MIMAT0027514,0.255193,0.0,0.0,0.0,0.195948
MIMAT0027517,1.786348,0.503861,1.094957,0.604846,1.371635
MIMAT0027521,0.0,0.251931,0.182493,0.0,0.195948
MIMAT0027530,0.0,0.503862,0.0,0.0,0.195948
MIMAT0027531,0.510385,0.0,0.182493,0.0,0.0
MIMAT0027533,0.0,0.0,0.182493,0.302423,0.195948
MIMAT0027535,0.0,0.251931,0.0,0.0,0.0
MIMAT0027536,0.0,0.0,0.364986,0.0,0.391896
MIMAT0027537,1.020772,0.0,0.182493,0.0,0.0
MIMAT0027539,0.0,0.0,0.0,0.0,0.195948
MIMAT0027540,0.0,0.0,0.0,0.302423,0.0
MIMAT0027541,1.275963,1.511584,1.459942,3.326655,2.155426
MIMAT0027545,0.0,0.0,0.182493,0.302423,0.195948
MIMAT0027546,0.0,0.0,0.0,0.0,0.195948
MIMAT0027550,0.0,0.251931,0.0,0.604846,0.0
MIMAT0027552,0.0,0.251931,0.182493,0.0,0.0
MIMAT0027554,0.255193,0.251931,0.182493,0.0,0.0
MIMAT0027558,0.255193,0.0,0.0,0.0,0.195948
MIMAT0027559,0.255193,0.0,0.0,0.0,0.0
MIMAT0027561,0.510385,0.0,0.0,0.302423,0.0
MIMAT0027567,0.510385,1.007723,0.364986,0.302423,0.391896
MIMAT0027568,1.02077,0.251931,0.0,0.0,0.0
MIMAT0027574,0.0,0.0,0.0,0.0,0.195948
MIMAT0027575,0.0,0.0,0.0,0.0,0.195948
MIMAT0027576,0.765578,0.755793,0.182493,0.302423,0.195948
MIMAT0027577,4.593466,4.282821,1.824928,3.326654,1.371635
MIMAT0027584,0.510386,0.251931,0.364986,0.0,0.0
MIMAT0027585,0.255193,0.0,0.0,0.0,0.195948
MIMAT0027586,0.0,0.0,0.182493,0.604846,0.195948
MIMAT0027587,35.726955,8.313708,24.636529,22.076891,21.554257
MIMAT0027588,2.041541,1.259654,1.642435,0.907269,1.763531
MIMAT0027589,0.0,0.251931,0.182493,0.0,0.0
MIMAT0027594,0.0,0.503862,0.0,0.0,0.587844
MIMAT0027600,0.0,0.0,0.364986,0.0,0.0
MIMAT0027603,0.0,0.0,0.547478,0.0,0.0
MIMAT0027604,0.0,0.251931,0.0,0.0,0.0
MIMAT0027607,0.0,0.0,0.547478,0.0,0.391896
MIMAT0027608,0.255193,0.251931,0.364986,0.302423,0.783792
MIMAT0027610,0.0,0.0,0.0,0.0,0.195948
MIMAT0027611,0.0,0.0,0.364986,1.209692,0.391896
MIMAT0027612,0.255193,0.251931,0.182493,0.0,0.195948
MIMAT0027622,0.255193,0.503862,1.094957,0.604846,0.97974
MIMAT0027623,0.510386,0.0,0.0,0.0,0.0
MIMAT0027625,0.0,0.0,0.0,0.0,0.195948
MIMAT0027626,0.0,0.0,0.182493,0.302423,0.0
MIMAT0027628,0.0,0.0,0.182493,0.0,0.0
MIMAT0027629,0.0,0.251931,0.182493,0.0,0.0
MIMAT0027631,0.0,0.0,0.0,0.604846,0.0
MIMAT0027634,0.510385,0.0,0.0,0.0,0.0
MIMAT0027637,0.0,0.0,3.83235,2.419385,1.567582
MIMAT0027642,0.255193,0.251931,0.0,0.0,0.0
MIMAT0027643,0.0,0.251931,0.0,0.0,0.0
MIMAT0027644,0.0,0.503862,0.0,0.0,0.0
MIMAT0027647,0.0,0.0,0.182493,0.0,0.0
MIMAT0027648,0.765579,0.503862,0.729971,0.302423,0.195948
MIMAT0027649,1.275963,3.275097,0.912464,0.604846,0.783791
MIMAT0027650,0.0,1.259654,0.0,0.0,0.0
MIMAT0027651,0.0,0.0,0.0,0.0,0.195948
MIMAT0027654,0.255193,0.503862,1.459944,0.604846,0.587844
MIMAT0027659,0.510385,0.503862,0.364986,0.302423,0.195948
MIMAT0027661,0.255193,0.0,0.0,0.0,0.587843
MIMAT0027663,0.0,1.007723,0.364986,0.604846,0.0
MIMAT0027664,0.510386,0.0,0.364986,0.604846,0.195948
MIMAT0027665,1.020771,0.0,0.547479,0.302423,0.587844
MIMAT0027667,0.0,1.007724,0.547479,0.907269,0.0
MIMAT0027668,0.0,0.251931,0.182493,0.0,0.0
MIMAT0027669,0.0,0.0,0.0,0.0,0.195948
MIMAT0027670,0.0,0.503862,0.0,0.0,0.195948
MIMAT0027671,1.531155,0.503862,0.364986,0.604846,1.175687
MIMAT0027673,0.0,0.0,0.0,0.302423,0.0
MIMAT0027679,0.0,0.251931,0.0,0.0,0.0
MIMAT0027682,0.255193,0.251931,0.0,0.302423,0.0
MIMAT0027683,0.255193,0.0,0.0,0.0,0.0
MIMAT0027684,2.041542,2.771237,2.007421,3.326654,0.587844
MIMAT0027688,0.255193,0.503861,0.0,0.0,0.0
MIMAT0027691,0.0,0.503861,0.0,0.0,0.391896
MIMAT0028109,0.255193,0.0,0.182493,0.0,0.0
MIMAT0028118,0.765578,0.755792,0.182493,0.604846,0.0
MIMAT0028119,0.0,0.0,0.182493,0.0,0.0
MIMAT0028122,0.510385,0.503861,1.094957,1.814539,0.783791
MIMAT0028123,0.0,0.251931,0.0,0.302423,0.0
MIMAT0028124,0.0,0.251931,0.0,0.0,0.0
MIMAT0028125,0.510386,0.0,0.364986,0.0,0.0
MIMAT0028126,0.0,0.0,0.547479,0.0,0.195948
MIMAT0028212,0.0,3.275097,0.0,0.907269,0.0
MIMAT0028213,0.0,0.755792,0.182493,0.0,0.0
MIMAT0028215,0.0,0.251931,0.182493,0.0,0.0
MIMAT0028220,0.255193,0.0,0.0,0.0,0.0
MIMAT0028221,0.0,0.251931,0.0,0.604846,0.195948
MIMAT0028222,9.952509,2.771236,7.664698,9.375118,7.641965
MIMAT0028223,0.255193,0.0,0.364986,0.302423,0.0
MIMAT0028224,0.510385,0.0,0.912464,0.604846,1.763531
MIMAT0028225,1.275963,0.503861,0.729971,0.907269,0.979739
MIMAT0028226,0.0,0.0,0.0,0.0,0.195948
MIMAT0028227,0.765578,2.519306,0.182493,0.302423,0.783792
MIMAT0028230,0.255193,0.0,0.0,0.604846,0.0
MIMAT0029782,0.255193,0.251931,0.182493,0.0,0.195948
MIMAT0030017,0.255193,1.763514,0.364986,0.0,0.195948
MIMAT0030018,0.0,0.0,0.0,0.0,0.195948
MIMAT0030020,0.0,0.0,0.0,0.302423,0.0
MIMAT0030021,0.510385,0.251931,0.364986,0.302423,0.0
MIMAT0030412,0.0,0.0,0.364986,0.302423,0.587843
MIMAT0030413,0.0,0.251931,0.364986,0.907269,0.587844
MIMAT0030414,0.255193,0.0,0.729972,0.302423,0.587843
MIMAT0030416,0.0,0.251931,0.182493,0.604846,0.0
MIMAT0030417,0.765578,0.503862,1.27745,1.512115,1.959479
MIMAT0030418,0.0,0.755792,0.912465,1.209692,0.587844
MIMAT0030419,0.0,0.251931,0.0,0.0,0.0
MIMAT0030420,0.255193,0.503861,0.0,0.0,0.0
MIMAT0030421,0.0,0.251931,0.547479,0.0,0.0
MIMAT0030425,0.0,0.0,0.0,0.302423,0.0
MIMAT0030426,0.0,0.0,0.182493,0.0,0.0
MIMAT0030429,1.531156,0.251931,1.27745,1.209692,0.391896
MIMAT0030999,0.255193,0.0,0.0,0.0,0.0
MIMAT0031074,0.0,0.0,0.0,0.0,0.195948
MIMAT0031095,3.317503,2.015444,8.029684,3.326654,4.702748
MIMAT0031175,0.0,0.0,0.0,0.0,0.587843
MIMAT0031177,0.255193,0.0,0.0,0.0,0.0
MIMAT0031179,0.0,0.251931,0.0,0.302423,0.0
MIMAT0031181,0.255193,0.0,0.0,0.0,0.0
MIMAT0031890,0.0,0.0,0.0,0.0,0.195948
MIMAT0031893,2.296735,10.581083,2.737393,2.116961,3.135166
MIMAT0032026,0.0,0.0,0.912464,0.604846,0.0
MIMAT0032029,0.0,0.0,0.0,0.604846,0.0
MIMAT0032110,0.510386,1.259655,1.824929,0.907269,1.175687
